Call_ID,Customer_ID,Call_Duration_Minutes,Call_Reason,Call_Resolved,Wait_Time_Minutes,Customer_Satisfaction_Score
CUST-MNSIRI,CUST-BLEUJG,56,Installation Delay,Yes,39,9
CUST-CMLYKB,CUST-GDLSKA,3,Installation Delay,No,26,5
CUST-DKMSQL,CUST-TUQHIJ,43,Installation Delay,No,26,6
CUST-SFMCED,CUST-EFWEPI,6,Customer Support Delay,Yes,35,8
CUST-HNILPC,CUST-YGYKOL,11,Installation Delay,Yes,37,5
CUST-VYTYDJ,CUST-NEXGPL,58,Installation Delay,No,13,6
CUST-YMQVVV,CUST-OKIAWP,56,Service Outage,Yes,12,8
CUST-HYFTWP,CUST-DXWBTH,19,Installation Delay,No,18,6
CUST-QKPPWC,CUST-UZHYCU,50,Slow Internet,No,12,7
CUST-JJQYBG,CUST-JOAPXU,34,Billing Issue,No,26,8
CUST-LKHBOQ,CUST-OSXSKT,27,Customer Support Delay,No,22,5
CUST-0NTMEL,CUST-DCBCIF,56,Billing Issue,No,5,6
CUST-QAGIZA,CUST-MOAAHY,10,Billing Issue,Yes,9,5
CUST-ZADKXH,CUST-BGEGKK,53,Customer Support Delay,Yes,35,7
CUST-ZNFFBY,CUST-SZGFEC,39,Installation Delay,No,23,7
CUST-BAAPAK,CUST-RCZDAC,2,Slow Internet,Yes,22,8
CUST-QSFRYE,CUST-MGPXOM,5,Customer Support Delay,No,44,5
CUST-GRNOHV,CUST-HYEQJW,29,Installation Delay,Yes,4,8
CUST-JVIQCA,CUST-GDSKTR,2,Slow Internet,No,40,9
CUST-TLLPIH,CUST-RRTFGE,51,Customer Support Delay,Yes,19,9
CUST-ATLYEG,CUST-VNNRAK,57,Installation Delay,Yes,41,7
CUST-KNKFAW,CUST-QWUYOH,40,Service Outage,Yes,12,7
CUST-YDTOBS,CUST-RHAJJC,52,Service Outage,Yes,44,8
CUST-DKPPPF,CUST-AXUZAC,4,Customer Support Delay,No,38,8
CUST-DARNFD,CUST-AMNZYF,6,Slow Internet,Yes,17,5
CUST-PPTRWP,CUST-DUJQTS,9,Service Outage,No,33,6
CUST-UBOWPS,CUST-KWZYMD,44,Installation Delay,No,10,8
CUST-YTICHL,CUST-QIEVZO,18,Slow Internet,Yes,13,9
CUST-BIIAWB,CUST-OZLJLY,43,Installation Delay,No,3,6
CUST-YXQEVR,CUST-ZWFYMS,29,Billing Issue,Yes,34,5
CUST-MLYHGD,CUST-KLADFR,29,Service Outage,No,1,7
CUST-ZMWCOK,CUST-CRFVZY,5,Service Outage,No,21,9
CUST-WEDRNI,CUST-XSJAAL,8,Billing Issue,No,19,5
CUST-FYALKX,CUST-TIEYQZ,20,Billing Issue,Yes,15,7
CUST-SIUYGW,CUST-HSGFSU,11,Billing Issue,No,28,6
CUST-PTMLLC,CUST-QCDXZN,6,Installation Delay,Yes,29,6
CUST-ZBIQOC,CUST-IGIBJW,3,Service Outage,No,17,9
CUST-BLBWUS,CUST-ZVMXKM,15,Billing Issue,Yes,29,9
CUST-YCXUUT,CUST-CJMOTI,18,Installation Delay,Yes,6,6
CUST-UBVVLD,CUST-JMZPOZ,20,Slow Internet,Yes,8,7
CUST-TNCJOJ,CUST-MRVIGL,30,Service Outage,Yes,43,6
CUST-XATJPR,CUST-ZJDBYL,59,Slow Internet,No,6,5
CUST-VZEXOO,CUST-PDVTVV,8,Service Outage,Yes,26,8
CUST-AVNLQN,CUST-QKIHVH,10,Installation Delay,Yes,35,5
CUST-NQLMMB,CUST-YPLHYT,48,Slow Internet,Yes,43,7
CUST-LEIONZ,CUST-ZZTIIZ,16,Service Outage,No,35,8
CUST-CAKOKX,CUST-GHSVBI,54,Billing Issue,Yes,26,5
CUST-FWMFSB,CUST-CUNOVY,40,Billing Issue,No,20,6
CUST-NBTZCE,CUST-SLNJSQ,19,Installation Delay,Yes,42,7
CUST-EUYLBB,CUST-BRPKNI,13,Service Outage,No,43,9
CUST-XUMHGT,CUST-BDBPAG,8,Customer Support Delay,Yes,37,7
CUST-TPOCEP,CUST-ENIBRB,37,Billing Issue,Yes,21,6
CUST-NAXGOE,CUST-ROSFWM,45,Customer Support Delay,No,26,7
CUST-CFGWKU,CUST-UQRMEL,33,Installation Delay,Yes,29,8
CUST-MLYFZS,CUST-XYKLRW,10,Slow Internet,No,1,5
CUST-NZTTJM,CUST-DXWBTH,4,Customer Support Delay,No,36,6
CUST-QKILVD,CUST-CEHZBV,20,Service Outage,Yes,5,7
CUST-TLWPJO,CUST-WMUPCF,6,Billing Issue,Yes,37,8
CUST-LPCZJV,CUST-BLEUJG,45,Service Outage,Yes,31,6
CUST-PVCXFD,CUST-IIGGGS,5,Installation Delay,No,7,7
CUST-TQMFEW,CUST-ZTTLAD,28,Service Outage,Yes,28,9
CUST-ECVYIJ,CUST-MOAAHY,18,Installation Delay,Yes,19,7
CUST-FJUBXG,CUST-LUWPQS,38,Billing Issue,Yes,19,5
CUST-PYDISJ,CUST-VXUZWJ,14,Customer Support Delay,No,26,7
CUST-EGAKEG,CUST-IIXSHB,49,Customer Support Delay,No,39,6
CUST-FCFRYT,CUST-AIFNIY,34,Slow Internet,Yes,24,9
CUST-PVUWIC,CUST-QJFGMA,16,Installation Delay,Yes,28,9
CUST-QWNUVH,CUST-GBVNSG,31,Service Outage,No,40,6
CUST-EEKGDT,CUST-KVGKCD,24,Installation Delay,Yes,18,8
CUST-PUSIJV,CUST-FYWMJW,31,Billing Issue,Yes,19,8
CUST-FXQYQU,CUST-HUZNHA,38,Slow Internet,No,41,9
CUST-YFCMEN,CUST-NWJEHT,44,Billing Issue,No,7,6
CUST-OLPPIB,CUST-KT0YZQ,37,Slow Internet,Yes,28,8
CUST-NJNKAD,CUST-GBSGJO,5,Installation Delay,Yes,13,8
CUST-HQDVOF,CUST-OSXSKT,7,Installation Delay,No,35,7
CUST-PALJFY,CUST-BFXGWJ,25,Slow Internet,Yes,31,5
CUST-UUMUEM,CUST-XOHLVD,32,Installation Delay,No,5,9
CUST-0THLHB,CUST-AGCDWV,21,Slow Internet,No,16,9
CUST-ZWBFWI,CUST-UEDGVO,26,Installation Delay,No,42,6
CUST-GCMZLD,CUST-QFKIWK,25,Customer Support Delay,Yes,31,9
CUST-RFM0WQ,CUST-HBFRYF,24,Service Outage,No,26,6
CUST-DVXALK,CUST-DTXMMO,59,Installation Delay,No,14,5
CUST-OQCPVX,CUST-XOODPV,6,Slow Internet,Yes,29,8
CUST-ULEPVI,CUST-EITLJY,31,Billing Issue,Yes,35,8
CUST-UQPRPE,CUST-JCBFHS,56,Slow Internet,Yes,3,9
CUST-MQFHEU,CUST-SYEZYZ,8,Service Outage,No,29,6
CUST-JXNJTW,CUST-GTAMDH,9,Slow Internet,No,23,6
CUST-OKNLIX,CUST-SIYGPD,12,Slow Internet,No,35,5
CUST-EPIFBN,CUST-QOAAJH,44,Service Outage,No,19,8
CUST-XLKSNP,CUST-NN0SKV,35,Slow Internet,Yes,20,6
CUST-IKIOFF,CUST-MHATCF,48,Slow Internet,No,30,6
CUST-FRTOPI,CUST-TFYDJK,45,Customer Support Delay,No,42,6
CUST-KFRZVS,CUST-MLJRYA,46,Installation Delay,No,18,5
CUST-TFTTCQ,CUST-QHIKHK,15,Slow Internet,No,33,5
CUST-QRTDIV,CUST-DAYGHS,35,Billing Issue,No,36,7
CUST-IKWCUI,CUST-UNYUIR,52,Slow Internet,Yes,10,6
CUST-NJZYRH,CUST-HJFYNA,59,Customer Support Delay,No,4,9
CUST-FJFIEM,CUST-EFAKSZ,36,Slow Internet,No,44,5
CUST-SDGNMZ,CUST-LINGRN,58,Service Outage,No,32,6
CUST-KIYREK,CUST-DVMWBU,57,Billing Issue,No,33,5
CUST-FVPGFZ,CUST-TCORWE,50,Slow Internet,No,25,8
CUST-PYOHHJ,CUST-YMRJRL,18,Service Outage,Yes,8,7
CUST-EKBFUM,CUST-JTIFFT,27,Billing Issue,Yes,23,7
CUST-JXFMQW,CUST-UFYIJD,12,Slow Internet,No,25,5
CUST-UKVXXR,CUST-XWBVKL,46,Installation Delay,Yes,12,8
CUST-MTWUKA,CUST-RJLPNI,46,Slow Internet,No,27,5
CUST-AWVHWL,CUST-RXDDJM,45,Billing Issue,No,21,9
CUST-YGJLRK,CUST-CKBQPP,28,Service Outage,Yes,29,7
CUST-ALIUVP,CUST-HWYVNL,49,Installation Delay,Yes,38,8
CUST-ZDTKAS,CUST-ADQUHG,46,Billing Issue,No,39,6
CUST-MOGYYH,CUST-OZLJLY,58,Installation Delay,No,35,6
CUST-GOYGWT,CUST-XTTGXN,14,Service Outage,Yes,32,7
CUST-EQUZUA,CUST-MGPXOM,42,Slow Internet,Yes,26,6
CUST-EDMPYX,CUST-0PS0NU,49,Service Outage,Yes,9,9
CUST-YDMEHJ,CUST-TNYLLI,22,Installation Delay,No,18,8
CUST-DOMCTY,CUST-HUZNHA,39,Slow Internet,Yes,38,9
CUST-MOWGBE,CUST-DNSXFW,58,Installation Delay,Yes,34,7
CUST-JTQDQJ,CUST-UHMZOE,38,Customer Support Delay,No,27,8
CUST-MPWLRS,CUST-SGHWPM,12,Customer Support Delay,Yes,13,5
CUST-RKQUDR,CUST-OYIYZE,52,Service Outage,Yes,44,7
CUST-LJBGLS,CUST-NHGHGL,39,Installation Delay,Yes,42,8
CUST-DNAABI,CUST-QOAAJH,34,Slow Internet,Yes,24,5
CUST-UBHYYL,CUST-KLADFR,21,Installation Delay,Yes,3,9
CUST-UNFRML,CUST-QKIHVH,20,Billing Issue,No,16,5
CUST-XGZQAT,CUST-SJRGJJ,36,Installation Delay,Yes,23,7
CUST-WZSFZQ,CUST-TCORWE,43,Billing Issue,No,40,7
CUST-GNBWBP,CUST-IGIBJW,53,Customer Support Delay,Yes,17,9
CUST-0VCTRH,CUST-CEJXCG,8,Service Outage,Yes,25,9
CUST-CXKYUR,CUST-XEAWHV,2,Customer Support Delay,Yes,37,9
CUST-MMCKJG,CUST-TURDGX,59,Billing Issue,No,29,6
CUST-OEBCAT,CUST-YAHBTE,54,Installation Delay,No,23,5
CUST-IKQYOJ,CUST-EWSUXM,38,Billing Issue,No,41,8
CUST-QMGCUA,CUST-RJMTCH,8,Billing Issue,Yes,44,7
CUST-X0KARC,CUST-POPCVV,52,Service Outage,No,38,6
CUST-IMJQCZ,CUST-FSZTAW,8,Installation Delay,Yes,2,5
CUST-ODXUZT,CUST-EBESWD,4,Installation Delay,Yes,34,6
CUST-ZTOIOZ,CUST-UDZBRN,47,Slow Internet,No,32,5
CUST-RHGIVV,CUST-SDHFZM,17,Slow Internet,No,16,7
CUST-BQCMFH,CUST-UFYIJD,9,Service Outage,Yes,3,9
CUST-NYPQOP,CUST-VXSLVB,20,Service Outage,Yes,15,5
CUST-EFCISZ,CUST-IDVYOK,2,Slow Internet,No,19,6
CUST-MCTPRE,CUST-GOZBZA,19,Customer Support Delay,No,30,8
CUST-HLIUGM,CUST-CRFVZY,51,Service Outage,No,12,9
CUST-FXTXWL,CUST-NWAOGK,18,Customer Support Delay,Yes,35,6
CUST-UCAEOR,CUST-YXXOBB,52,Slow Internet,Yes,15,8
CUST-HVIMZP,CUST-HPIPIB,59,Service Outage,No,4,8
CUST-AVRPIP,CUST-XTTGXN,51,Billing Issue,No,24,6
CUST-RBAZSZ,CUST-GQFWOI,21,Billing Issue,No,19,6
CUST-TNHGXT,CUST-QFWMFF,20,Billing Issue,Yes,37,6
CUST-PSOTFH,CUST-ICILUO,25,Slow Internet,Yes,15,5
CUST-VAUGUI,CUST-IRRRJG,43,Slow Internet,No,2,6
CUST-NBNVFC,CUST-CTECGK,28,Billing Issue,No,10,5
CUST-UJKZLO,CUST-ROSFWM,35,Service Outage,No,42,7
CUST-ZSKFIJ,CUST-XWKZAX,7,Customer Support Delay,No,32,6
CUST-DEZVPO,CUST-WCPNGF,52,Slow Internet,No,29,5
CUST-TCIBAL,CUST-UQWBIQ,40,Slow Internet,No,12,5
CUST-SALKBF,CUST-YLHFJB,11,Installation Delay,Yes,28,9
CUST-ITPGYG,CUST-IHRANO,56,Slow Internet,No,13,9
CUST-JICJWU,CUST-JXCAIP,14,Installation Delay,Yes,15,5
CUST-XQRWRX,CUST-JJUYUI,2,Service Outage,Yes,23,9
CUST-KJNNLW,CUST-SBZJDH,53,Installation Delay,Yes,14,9
CUST-CSJWPP,CUST-QJFGMA,39,Installation Delay,No,31,9
CUST-UCJDNE,CUST-LKJPCT,18,Billing Issue,Yes,7,6
CUST-VJCKVG,CUST-VGFPDL,50,Service Outage,No,12,5
CUST-KCKKGP,CUST-ROSFWM,30,Service Outage,No,37,9
CUST-ZPBYIL,CUST-RIMHKL,57,Billing Issue,No,42,6
CUST-WGPSHE,CUST-FVYJPJ,16,Customer Support Delay,Yes,7,8
CUST-YGQKHS,CUST-ZJDBYL,11,Slow Internet,Yes,43,8
CUST-PPMZIF,CUST-DMCXTO,36,Billing Issue,Yes,9,7
CUST-IUCKJC,CUST-BUBJHF,5,Customer Support Delay,Yes,3,9
CUST-YZMSMK,CUST-SJWVXL,14,Service Outage,No,16,5
CUST-ZGSNOZ,CUST-ZSOHLI,25,Service Outage,No,11,9
CUST-LJBNYC,CUST-FWLXFS,10,Service Outage,Yes,40,7
CUST-RZDJUF,CUST-RPKSUW,59,Installation Delay,No,7,7
CUST-VWTANP,CUST-MB0ZPM,17,Installation Delay,Yes,2,6
CUST-GNTDGX,CUST-YFBUOE,23,Slow Internet,No,13,7
CUST-AXBXIE,CUST-PKJHHR,41,Customer Support Delay,Yes,27,6
CUST-HHQZUC,CUST-NWOXAQ,33,Installation Delay,Yes,38,6
CUST-WWLBTW,CUST-ENQBOG,9,Installation Delay,Yes,40,7
CUST-TYLUNY,CUST-JXCAIP,21,Billing Issue,Yes,25,7
CUST-PAYCWQ,CUST-GUOXOW,33,Installation Delay,Yes,3,7
CUST-H0ZSEV,CUST-ASZDCH,42,Billing Issue,No,18,9
CUST-HBGGSC,CUST-ZKGLOG,37,Customer Support Delay,No,22,7
CUST-VERQDM,CUST-TCORWE,45,Installation Delay,Yes,27,9
CUST-CWZUYC,CUST-UAUBYI,43,Slow Internet,No,22,7
CUST-NPQISP,CUST-DCSOCL,9,Service Outage,No,40,5
CUST-JKMSQO,CUST-MRGRGJ,28,Service Outage,Yes,7,5
CUST-KNVYKG,CUST-OZGCQS,10,Billing Issue,Yes,31,7
CUST-VYQNKM,CUST-ZSOHLI,15,Billing Issue,No,37,9
CUST-CRQYBP,CUST-EPADZG,17,Billing Issue,Yes,36,9
CUST-RZHQYM,CUST-EFWEPI,25,Installation Delay,No,21,5
CUST-FMLMOR,CUST-WCWODX,42,Service Outage,Yes,2,9
CUST-CQDOIM,CUST-EZGXJU,20,Installation Delay,No,33,5
CUST-RANEID,CUST-0QFIEJ,34,Billing Issue,Yes,14,6
CUST-GCKSXM,CUST-ETTPKF,55,Installation Delay,No,14,5
CUST-ICZFNS,CUST-EEBGRX,44,Billing Issue,No,7,9
CUST-XYMTSG,CUST-TWCAEB,28,Slow Internet,Yes,35,6
CUST-CFJVNX,CUST-KHJWOK,22,Billing Issue,Yes,4,6
CUST-BEQBAG,CUST-CTECGK,18,Installation Delay,Yes,21,7
CUST-LMETRI,CUST-TWRMNI,25,Service Outage,Yes,11,9
CUST-WCFCKF,CUST-LLKCBY,42,Installation Delay,No,30,5
CUST-XBRIOM,CUST-ACWNBB,6,Service Outage,Yes,23,7
CUST-DFRUGO,CUST-ZQNUDE,15,Billing Issue,No,4,7
CUST-GSHOBU,CUST-OILAIL,52,Customer Support Delay,No,22,8
CUST-KCMTZZ,CUST-EXEPUG,53,Customer Support Delay,Yes,13,9
CUST-IGPJHH,CUST-FNLMSC,10,Installation Delay,Yes,33,6
CUST-KRJNNA,CUST-MOCWBR,18,Service Outage,Yes,36,8
CUST-DVKDCG,CUST-VVBPWB,32,Billing Issue,Yes,43,6
CUST-ZHKDVK,CUST-BRFJGP,33,Slow Internet,Yes,14,6
CUST-FWEAZA,CUST-LULGYE,2,Service Outage,Yes,21,9
CUST-XLVHQW,CUST-FOCXMB,12,Installation Delay,Yes,38,7
CUST-AQYPKP,CUST-LUWPQS,18,Slow Internet,No,42,5
CUST-UDRTEG,CUST-VLZB0Y,22,Customer Support Delay,Yes,40,8
CUST-XMUCZI,CUST-URPHGZ,18,Customer Support Delay,Yes,37,9
CUST-RRLZNK,CUST-DVMWBU,13,Installation Delay,No,41,6
CUST-OHDMPA,CUST-CXBDKJ,56,Billing Issue,No,33,8
CUST-ZJVETN,CUST-RMKAGA,41,Installation Delay,Yes,2,5
CUST-YXCDKN,CUST-SDMHQJ,3,Installation Delay,No,30,8
CUST-TMTXVI,CUST-FXUNOJ,21,Customer Support Delay,No,25,9
CUST-QOGEVO,CUST-JRSFTK,58,Installation Delay,Yes,8,7
CUST-KKNOWY,CUST-IJJTON,40,Installation Delay,Yes,5,6
CUST-LJZMQG,CUST-MRVIGL,26,Slow Internet,Yes,7,6
CUST-QDKKLG,CUST-MVLPBX,37,Customer Support Delay,No,19,7
CUST-TEWLDQ,CUST-KODHFY,51,Billing Issue,Yes,37,9
CUST-DIGTKW,CUST-NGQYCB,31,Installation Delay,No,33,6
CUST-VTIKLR,CUST-DSSKAS,33,Service Outage,No,40,9
CUST-CGFOPK,CUST-XKXLFE,23,Slow Internet,No,16,5
CUST-JOZWZY,CUST-GUEGXB,13,Customer Support Delay,Yes,32,6
CUST-NNTBFU,CUST-CILAPX,13,Slow Internet,Yes,21,6
CUST-PMGZQN,CUST-YZABGU,24,Billing Issue,No,11,9
CUST-JVXTQX,CUST-YPD0A0,7,Service Outage,Yes,21,5
CUST-CROIQM,CUST-WWRAUT,55,Service Outage,Yes,41,5
CUST-PTZHKE,CUST-GGSUPK,35,Installation Delay,No,28,9
CUST-FHFMKU,CUST-CUDCQE,56,Slow Internet,Yes,8,7
CUST-DZCDAM,CUST-LSBRRB,51,Customer Support Delay,No,30,9
CUST-RZQPGY,CUST-SXQGJD,4,Customer Support Delay,Yes,24,6
CUST-PNNXUD,CUST-RUEBNC,7,Service Outage,Yes,41,5
CUST-JWB0ZR,CUST-UZIWCW,3,Billing Issue,Yes,9,8
CUST-ULYOAP,CUST-SMZOXR,16,Billing Issue,No,11,6
CUST-GFWTDE,CUST-MFVDKL,1,Customer Support Delay,No,25,7
CUST-ESZOEY,CUST-BIVXZS,40,Slow Internet,Yes,37,5
CUST-NEDGCG,CUST-VPVGLU,1,Slow Internet,Yes,24,8
CUST-JCYPRI,CUST-SGYQGR,28,Billing Issue,Yes,32,7
CUST-JRLHWL,CUST-YGSALK,16,Customer Support Delay,No,24,8
CUST-YRFWXE,CUST-UGNXRG,45,Service Outage,No,40,6
CUST-OQATJQ,CUST-OZGCQS,57,Customer Support Delay,Yes,3,5
CUST-KSCEWM,CUST-ONUWIW,28,Customer Support Delay,Yes,33,5
CUST-HMQUFD,CUST-YYTWPG,45,Billing Issue,Yes,12,8
CUST-TNLSIZ,CUST-SXEAWW,49,Service Outage,No,44,8
CUST-YTMSFO,CUST-GKDBUO,43,Customer Support Delay,Yes,36,9
CUST-HFXNZX,CUST-WFFDVN,27,Service Outage,Yes,4,8
CUST-IQKHLC,CUST-SBZJDH,36,Billing Issue,Yes,17,5
CUST-EBMQRP,CUST-YSYBDR,51,Slow Internet,No,7,9
CUST-HPFPWF,CUST-OOEKPO,29,Service Outage,No,25,6
CUST-VLPLRN,CUST-QZGIRM,33,Service Outage,No,26,8
CUST-00DVRC,CUST-QLCHOB,57,Service Outage,No,30,7
CUST-EQSPUW,CUST-RAZOOK,32,Slow Internet,No,43,9
CUST-YIHFZN,CUST-WMGAAV,26,Customer Support Delay,No,4,5
CUST-QRKYHB,CUST-AIWEGH,6,Installation Delay,No,22,7
CUST-QDFSLN,CUST-QFKIWK,53,Customer Support Delay,No,38,8
CUST-KGODJL,CUST-UEDGVO,15,Service Outage,No,24,8
CUST-FNMKVZ,CUST-YELJLD,58,Installation Delay,No,40,5
CUST-UUAUKS,CUST-DINJBI,48,Slow Internet,Yes,14,7
CUST-HXMCZD,CUST-VDSRHI,26,Billing Issue,Yes,28,8
CUST-KGIILD,CUST-SXQGJD,12,Service Outage,No,43,5
CUST-CQDGFJ,CUST-IQGARX,18,Installation Delay,Yes,1,7
CUST-RNBNMY,CUST-XYJAEZ,59,Installation Delay,Yes,7,6
CUST-RDFLWY,CUST-KWZYMD,7,Service Outage,Yes,18,7
CUST-AASJZF,CUST-CMYCTP,4,Service Outage,Yes,26,9
CUST-HSRBKZ,CUST-PDVTVV,31,Installation Delay,Yes,28,8
CUST-ZJIGMI,CUST-ULOWJA,36,Slow Internet,No,38,5
CUST-NBYQGQ,CUST-0LCNRL,6,Customer Support Delay,No,18,8
CUST-IPWIOY,CUST-FXVKSO,34,Slow Internet,Yes,1,5
CUST-VIJVKD,CUST-KLRPTR,53,Installation Delay,No,17,6
CUST-THNRCP,CUST-TNVUED,32,Billing Issue,Yes,22,5
CUST-FHBWCG,CUST-RUEBNC,49,Slow Internet,No,37,8
CUST-AIOEHP,CUST-ADQUHG,8,Slow Internet,No,6,7
CUST-KMGIPU,CUST-ATGDAJ,40,Billing Issue,Yes,39,7
CUST-SIUTWC,CUST-KFUHKG,19,Customer Support Delay,Yes,34,5
CUST-RNVHGA,CUST-NEHKHX,9,Installation Delay,Yes,39,5
CUST-WDFUIJ,CUST-SLNJSQ,1,Billing Issue,No,11,7
CUST-IAHMQL,CUST-BGEGKK,22,Service Outage,No,17,9
CUST-HTBLLT,CUST-RWUAHN,42,Billing Issue,No,5,5
CUST-QWINWU,CUST-OZLJLY,12,Service Outage,Yes,34,5
CUST-WGDG0P,CUST-XXVULS,9,Installation Delay,Yes,28,6
CUST-PLKVWU,CUST-PDBGOS,22,Slow Internet,No,2,8
CUST-USJKKX,CUST-ISEQUK,51,Customer Support Delay,No,24,8
CUST-NIRCET,CUST-PDVTVV,34,Slow Internet,Yes,20,5
CUST-KRICQJ,CUST-FYOLMT,32,Installation Delay,No,20,7
CUST-VCAFOQ,CUST-EPADZG,23,Billing Issue,Yes,24,5
CUST-SWAJSN,CUST-DTNBYJ,53,Billing Issue,No,5,8
CUST-RLTSHW,CUST-QMAIJA,48,Installation Delay,No,37,7
CUST-DBBJVL,CUST-THSYAW,55,Service Outage,No,21,6
CUST-DMXIMC,CUST-QVJCQL,10,Billing Issue,No,26,8
CUST-XEWTIV,CUST-BZVZZQ,32,Billing Issue,Yes,19,6
CUST-FHSUWK,CUST-VHGQYQ,3,Installation Delay,No,13,7
CUST-MKHWVB,CUST-JWRVMF,52,Customer Support Delay,No,5,5
CUST-VYTUQH,CUST-YVRSVC,10,Slow Internet,Yes,34,8
CUST-XBQAAW,CUST-RUEBNC,52,Slow Internet,No,21,7
CUST-KGTVDV,CUST-BPZUNC,53,Installation Delay,No,42,8
CUST-XNPCST,CUST-QJFGMA,13,Service Outage,Yes,25,5
CUST-GKYZWP,CUST-TKOEMB,52,Customer Support Delay,Yes,4,7
CUST-HCQVGK,CUST-SCKXVX,38,Slow Internet,Yes,9,5
CUST-KLZYHE,CUST-0PS0NU,30,Billing Issue,Yes,6,5
CUST-WOEDOR,CUST-YYTWPG,31,Installation Delay,Yes,9,8
CUST-CDYBXX,CUST-UHVSCI,36,Installation Delay,No,41,7
CUST-RGNINA,CUST-KCKQYE,21,Customer Support Delay,Yes,10,8
CUST-XIKODV,CUST-FJCOQA,9,Billing Issue,No,19,9
CUST-WOCRIA,CUST-NAHFVZ,45,Service Outage,Yes,39,6
CUST-TGHGSJ,CUST-TFSTTN,13,Customer Support Delay,No,15,5
CUST-EWVDYK,CUST-UUCHGJ,19,Customer Support Delay,Yes,19,9
CUST-RKWKGT,CUST-QFWMFF,31,Slow Internet,No,37,5
CUST-GXPOWX,CUST-WLNZWL,47,Slow Internet,No,12,6
CUST-RYQJAV,CUST-MOCWBR,55,Installation Delay,No,31,5
CUST-SWXEVE,CUST-NDEYTR,19,Billing Issue,No,14,8
CUST-UQTMHS,CUST-ENQBOG,44,Installation Delay,No,41,6
CUST-ZXWRME,CUST-DKUZEJ,37,Service Outage,Yes,3,9
CUST-TYTQGL,CUST-TYKDYX,29,Billing Issue,No,4,5
CUST-LTZLPU,CUST-VJTJVC,48,Customer Support Delay,Yes,3,8
CUST-YDNUNX,CUST-LZVNVQ,15,Billing Issue,Yes,6,9
CUST-SXNFTD,CUST-DCSOCL,59,Service Outage,Yes,29,9
CUST-VAVWLF,CUST-LRQNCG,31,Billing Issue,No,26,8
CUST-XFMPPZ,CUST-TZVJIZ,31,Customer Support Delay,No,4,8
CUST-LGFDPA,CUST-KFDXIB,4,Installation Delay,No,38,8
CUST-ZVKLEN,CUST-YUBLAQ,21,Slow Internet,No,2,8
CUST-QQQNGY,CUST-RYWPQT,3,Billing Issue,Yes,25,6
CUST-B0MPFT,CUST-ZEDDTG,15,Slow Internet,Yes,23,6
CUST-RGZJHV,CUST-KXPYKC,44,Installation Delay,Yes,14,7
CUST-LQRWMW,CUST-NYC0TR,42,Billing Issue,Yes,25,8
CUST-QOVDRF,CUST-VXUZWJ,31,Installation Delay,No,10,9
CUST-FVHZUD,CUST-SZGPAO,43,Billing Issue,Yes,18,5
CUST-OVWSEG,CUST-0PS0NU,38,Service Outage,Yes,42,6
CUST-KWYENA,CUST-EZGXJU,36,Customer Support Delay,No,39,7
CUST-SEHRFA,CUST-JQNFGV,28,Installation Delay,No,26,5
CUST-CYSAZI,CUST-RCXLSW,2,Installation Delay,Yes,10,7
CUST-OSGOPE,CUST-POPCVV,7,Service Outage,No,39,7
CUST-FTMKLY,CUST-STSIWM,11,Slow Internet,No,19,5
CUST-KQHTBK,CUST-TKOEMB,32,Billing Issue,No,4,5
CUST-MLORAA,CUST-ODKJCE,25,Billing Issue,Yes,15,9
CUST-EWPVNC,CUST-HKCYXU,6,Installation Delay,Yes,12,8
CUST-XNHNGH,CUST-CESZBM,27,Customer Support Delay,Yes,22,5
CUST-ERKJYD,CUST-LUNGKE,45,Installation Delay,No,29,5
CUST-MJNUZV,CUST-GTKU00,43,Service Outage,No,29,9
CUST-JXUCQC,CUST-FYOLMT,17,Customer Support Delay,No,31,8
CUST-RCAHOL,CUST-GNUXTC,1,Service Outage,Yes,3,6
CUST-AFNHEW,CUST-EZGXJU,25,Billing Issue,No,36,8
CUST-LQD0W0,CUST-OAEFXF,3,Service Outage,No,44,8
CUST-AFEPOO,CUST-KNYRYH,29,Service Outage,Yes,4,7
CUST-MVKMOZ,CUST-ZSOHLI,15,Installation Delay,No,17,8
CUST-FIXLZC,CUST-RPATXD,15,Installation Delay,No,17,9
CUST-VFRNUV,CUST-BIGEIS,6,Installation Delay,No,6,9
CUST-EDVBFN,CUST-TMWVFN,53,Slow Internet,No,9,9
CUST-USPEFN,CUST-VJVIFS,35,Service Outage,No,10,9
CUST-AJGVGD,CUST-FYOLMT,31,Slow Internet,Yes,11,5
CUST-HVASGU,CUST-CUNOVY,38,Service Outage,No,41,6
CUST-IHFGXL,CUST-XPETTM,16,Slow Internet,No,12,7
CUST-JOCFDE,CUST-WRYLAD,59,Service Outage,No,4,5
CUST-HYPLJL,CUST-AEAJZH,52,Service Outage,No,30,7
CUST-LKMHUS,CUST-CFVZSV,14,Billing Issue,No,11,7
CUST-MEWGTX,CUST-GLBAGE,6,Service Outage,No,32,7
CUST-YTYZZP,CUST-YPD0A0,10,Service Outage,Yes,11,5
CUST-LXBINP,CUST-RBSQJY,39,Service Outage,No,28,8
CUST-SEOWSB,CUST-QVJCQL,19,Slow Internet,Yes,25,6
CUST-WWEQWE,CUST-WKBGEE,3,Slow Internet,Yes,31,9
CUST-GWSJLG,CUST-QNJYFO,38,Slow Internet,No,27,9
CUST-AUICFP,CUST-WWRAUT,59,Customer Support Delay,Yes,32,9
CUST-MDDAXD,CUST-DKUZEJ,3,Slow Internet,No,35,9
CUST-IZJEIW,CUST-JTIFFT,1,Installation Delay,Yes,29,5
CUST-EBGVET,CUST-RWQDIZ,29,Service Outage,No,4,7
CUST-QYOXEL,CUST-AHVOBJ,18,Installation Delay,No,36,8
CUST-KZCKCB,CUST-NHGHGL,59,Customer Support Delay,No,40,7
CUST-THUFWK,CUST-MRVIGL,34,Customer Support Delay,No,36,5
CUST-CPRQCV,CUST-TKOEMB,13,Customer Support Delay,Yes,44,5
CUST-YTODQU,CUST-PHTXOR,10,Billing Issue,Yes,12,9
CUST-KBIEBT,CUST-TWCAEB,53,Billing Issue,No,38,9
CUST-WYWZBM,CUST-IXUGVN,11,Customer Support Delay,Yes,17,8
CUST-KDZKII,CUST-CXBDKJ,31,Slow Internet,Yes,21,8
CUST-AEXFED,CUST-VKHWHK,52,Service Outage,Yes,25,7
CUST-GWLAJX,CUST-TRMNQN,56,Slow Internet,Yes,37,5
CUST-LINMFE,CUST-HSGFSU,4,Customer Support Delay,No,2,7
CUST-NCARHS,CUST-MRJNDQ,18,Billing Issue,Yes,18,9
CUST-AWIXRL,CUST-KHSMPZ,35,Installation Delay,Yes,29,6
CUST-WIKODK,CUST-GTAOTB,43,Service Outage,Yes,20,8
CUST-VCORRK,CUST-LFYSRB,34,Customer Support Delay,No,25,6
CUST-EIMXLL,CUST-GIOCRV,48,Billing Issue,No,36,8
CUST-MBIMGE,CUST-UFYIJD,22,Customer Support Delay,No,26,5
CUST-ERHVSD,CUST-WHGRVS,55,Slow Internet,No,4,5
CUST-QVEGHU,CUST-BSWULD,51,Service Outage,Yes,26,8
CUST-VHYFCL,CUST-FNLMSC,54,Billing Issue,Yes,4,9
CUST-LPMTUX,CUST-BFXGWJ,9,Billing Issue,Yes,7,6
CUST-MEGRYF,CUST-SGLXKI,46,Billing Issue,No,31,5
CUST-FAQOIJ,CUST-QDCALK,39,Installation Delay,Yes,23,5
CUST-EIFKKP,CUST-TTKGFM,59,Slow Internet,No,26,7
CUST-KMUQLV,CUST-VMKQGG,6,Customer Support Delay,Yes,39,5
CUST-QXTGCQ,CUST-TTDVWW,59,Slow Internet,No,32,7
CUST-WASWPC,CUST-FUFQNG,9,Installation Delay,No,35,9
CUST-SMHYJL,CUST-NUSPZU,42,Billing Issue,No,22,8
CUST-EIOTRN,CUST-ITBWFB,20,Slow Internet,Yes,12,8
CUST-SBUQAO,CUST-WKKHJY,52,Installation Delay,No,15,5
CUST-AESKJZ,CUST-WINYRB,9,Billing Issue,No,17,7
CUST-IDMJLP,CUST-FOUQHK,43,Service Outage,Yes,13,5
CUST-UCPEZ0,CUST-PFSMEZ,8,Installation Delay,Yes,34,5
CUST-OKCWIV,CUST-QUAITW,49,Slow Internet,No,18,9
CUST-MVDRTA,CUST-YPMPDM,3,Customer Support Delay,Yes,37,8
CUST-YBGYOA,CUST-TOBSZI,8,Customer Support Delay,No,25,8
CUST-PWXTMS,CUST-EZGXJU,5,Installation Delay,Yes,6,8
CUST-NNEZIW,CUST-SOXWMJ,15,Service Outage,No,37,8
CUST-OSSYZQ,CUST-CWTLNC,6,Service Outage,No,10,8
CUST-RKXANV,CUST-NHGHGL,31,Billing Issue,No,31,8
CUST-ZIAFYR,CUST-KQQAJZ,58,Installation Delay,Yes,38,8
CUST-YSUWSK,CUST-WMUPCF,50,Billing Issue,Yes,42,7
CUST-WNHCGA,CUST-IQGARX,23,Billing Issue,No,26,7
CUST-XJ0J0Q,CUST-JYJQLD,27,Customer Support Delay,Yes,14,5
CUST-OHPWSY,CUST-HWATOI,22,Customer Support Delay,Yes,18,6
CUST-NMKLNU,CUST-CMYCTP,59,Installation Delay,Yes,5,8
CUST-YLPMDJ,CUST-ZKGLOG,18,Slow Internet,No,44,5
CUST-DCKGBE,CUST-KWZYMD,35,Slow Internet,Yes,41,5
CUST-PZUIMD,CUST-NN0SKV,29,Installation Delay,Yes,8,8
CUST-XCRRHB,CUST-QAVMBM,59,Installation Delay,No,39,8
CUST-MULKCC,CUST-MFVDKL,21,Installation Delay,Yes,19,9
CUST-TPTEYY,CUST-TCHIVB,20,Slow Internet,No,5,6
CUST-MKBCMX,CUST-CEJXCG,9,Installation Delay,Yes,11,7
CUST-MRMYDN,CUST-GTKU00,10,Service Outage,Yes,29,5
CUST-OHLJVY,CUST-DFTMBB,26,Service Outage,Yes,2,7
CUST-JBXMTJ,CUST-BYOGRN,51,Installation Delay,Yes,33,7
CUST-PXHRJJ,CUST-LMOAQJ,39,Slow Internet,Yes,15,9
CUST-DOSRKG,CUST-FSZTAW,53,Installation Delay,No,27,7
CUST-MIKLKA,CUST-HSXXPH,7,Installation Delay,No,16,9
CUST-PTHGPN,CUST-GLBAGE,8,Service Outage,Yes,5,5
CUST-AXMLJT,CUST-TGAEYN,40,Service Outage,No,30,8
CUST-UQEPKT,CUST-JSJXXR,59,Installation Delay,No,43,9
CUST-DIXHPN,CUST-JOAPXU,9,Slow Internet,No,38,6
CUST-UOUKIP,CUST-HBFRYF,25,Installation Delay,No,32,8
CUST-UBWKTV,CUST-UEGKDS,31,Billing Issue,Yes,32,6
CUST-XJXLBH,CUST-NDEYTR,54,Customer Support Delay,No,13,5
CUST-VUUUDJ,CUST-RWQDIZ,4,Customer Support Delay,Yes,25,6
CUST-PJTAVD,CUST-TZVJIZ,57,Installation Delay,No,11,8
CUST-IUXYNY,CUST-BCSN0D,26,Customer Support Delay,No,13,7
CUST-QESSKP,CUST-SOXWMJ,41,Customer Support Delay,Yes,41,9
CUST-GTJPAZ,CUST-ERETLE,18,Installation Delay,No,8,6
CUST-WGANJK,CUST-RCJTGQ,25,Installation Delay,Yes,13,5
CUST-ZXFFQQ,CUST-JOSRNO,4,Service Outage,Yes,28,5
CUST-HWRXYR,CUST-DVXILJ,16,Customer Support Delay,No,31,5
CUST-DDZCMU,CUST-MFVDKL,3,Service Outage,Yes,13,5
CUST-XNKDZV,CUST-LLHKLP,57,Service Outage,No,44,5
CUST-DVMILS,CUST-TNVUED,15,Customer Support Delay,Yes,10,8
CUST-OBBYXP,CUST-JWRVMF,22,Installation Delay,No,34,7
CUST-KFPGDD,CUST-HTIFEB,44,Slow Internet,No,13,5
CUST-FZGKZR,CUST-CQHVME,48,Billing Issue,Yes,28,9
CUST-DGPBEI,CUST-GGRPWF,1,Service Outage,Yes,9,7
CUST-MZQCCS,CUST-JRZRQJ,44,Installation Delay,Yes,7,9
CUST-JMKKPJ,CUST-JOAPXU,37,Service Outage,Yes,21,7
CUST-GCWJLA,CUST-XKXLFE,58,Installation Delay,No,43,6
CUST-XBXMMZ,CUST-MQFIYA,32,Customer Support Delay,Yes,43,8
CUST-PJWUJU,CUST-KDMJDZ,40,Billing Issue,No,42,8
CUST-QFCBZB,CUST-NPNXUR,11,Installation Delay,No,27,5
CUST-ARJZJU,CUST-DEIEWN,58,Billing Issue,Yes,10,9
CUST-WGRIUA,CUST-KUVKZ0,5,Installation Delay,No,16,7
CUST-SBNVHV,CUST-ZLTATA,29,Slow Internet,No,29,9
CUST-TAKCLN,CUST-FNKEIJ,2,Service Outage,No,13,8
CUST-HPVQBJ,CUST-YHYXMT,58,Service Outage,Yes,35,6
CUST-HNDSVS,CUST-ZTTLAD,40,Installation Delay,Yes,35,7
CUST-XKQFHY,CUST-APYJNO,18,Customer Support Delay,Yes,14,5
CUST-ZWDTOP,CUST-OSXSKT,5,Installation Delay,No,14,6
CUST-NNIOMI,CUST-XZQGXK,19,Customer Support Delay,No,22,7
CUST-DNPZUR,CUST-DCSOCL,49,Customer Support Delay,No,27,8
CUST-XV0VBK,CUST-GSIPIS,51,Billing Issue,Yes,11,9
CUST-COQUIU,CUST-QVJCQL,12,Installation Delay,No,28,6
CUST-WUJPPB,CUST-VCNOZG,36,Installation Delay,Yes,6,6
CUST-IHKQIC,CUST-MKPEIH,11,Slow Internet,No,8,5
CUST-GBHZHB,CUST-UFLWRT,16,Customer Support Delay,No,39,5
CUST-0QQZVP,CUST-OILAIL,20,Billing Issue,No,22,7
CUST-RNCWNJ,CUST-PWHZRU,28,Customer Support Delay,No,34,5
CUST-WUOXOZ,CUST-IJJTON,33,Installation Delay,Yes,35,5
CUST-MJZGMI,CUST-WAIULK,24,Service Outage,Yes,13,6
CUST-JCKBUN,CUST-JJUYUI,36,Billing Issue,No,40,8
CUST-MNWZAI,CUST-XTFQME,3,Installation Delay,No,39,7
CUST-WEJERS,CUST-ELEFHO,2,Billing Issue,Yes,12,6
CUST-ZTZDOR,CUST-JSRRBJ,19,Installation Delay,Yes,29,7
CUST-MEIAVN,CUST-WWEDDL,30,Installation Delay,Yes,1,7
CUST-OEMFUJ,CUST-WWRAUT,32,Installation Delay,Yes,6,9
CUST-QLZQDF,CUST-CCUHQB,51,Billing Issue,Yes,12,8
CUST-JYLVJM,CUST-TRMNQN,6,Billing Issue,No,22,6
CUST-QEXRKG,CUST-QIKJDU,37,Slow Internet,Yes,21,8
CUST-EIFXXF,CUST-ITBWFB,58,Installation Delay,No,26,6
CUST-XPSHEK,CUST-PGBSBX,16,Billing Issue,No,3,7
CUST-USOHOJ,CUST-WMUPCF,1,Service Outage,No,23,9
CUST-DEZLVS,CUST-MB0ZPM,48,Slow Internet,Yes,4,7
CUST-AMZVSB,CUST-CJEXHT,55,Service Outage,Yes,16,7
CUST-ZVMLVC,CUST-ZMLJSQ,59,Customer Support Delay,Yes,29,7
CUST-KYRBXM,CUST-DBCXZG,7,Slow Internet,No,42,5
CUST-UYBBHN,CUST-JOEAVK,11,Service Outage,Yes,30,7
CUST-HLV0DK,CUST-NEXGPL,51,Customer Support Delay,No,9,5
CUST-FUBBRQ,CUST-UDVHKX,33,Customer Support Delay,No,10,6
CUST-EZOUJW,CUST-OLTCJM,3,Slow Internet,Yes,26,9
CUST-UCLFOB,CUST-DTNBYJ,25,Slow Internet,No,31,7
CUST-VHOFYM,CUST-AQOPNN,10,Service Outage,Yes,9,8
CUST-CBXHSA,CUST-UUTJQI,9,Slow Internet,No,39,5
CUST-BDKZUH,CUST-GOHDBW,15,Installation Delay,No,6,5
CUST-XOXWCM,CUST-JJVZUL,1,Installation Delay,Yes,40,5
CUST-ZVYHWH,CUST-IJFSYZ,49,Slow Internet,Yes,41,9
CUST-ARRBFA,CUST-SIYGPD,18,Billing Issue,No,41,9
CUST-AAEPKR,CUST-HNQVTK,27,Service Outage,No,43,9
CUST-LPKRDG,CUST-GBVNSG,57,Billing Issue,No,28,8
CUST-AALTUT,CUST-ATGDAJ,1,Customer Support Delay,No,13,7
CUST-RKOJDC,CUST-TILJTQ,9,Billing Issue,No,5,8
CUST-MCCZTL,CUST-ORAMDR,28,Installation Delay,No,1,6
CUST-IHZKCG,CUST-SZGPAO,59,Slow Internet,Yes,33,9
CUST-SCCFWL,CUST-AFQHWQ,17,Slow Internet,No,35,8
CUST-GOWPTW,CUST-LHHFXX,47,Installation Delay,No,18,7
CUST-BZRSTS,CUST-VSYZHC,36,Installation Delay,No,4,9
CUST-GBTXOJ,CUST-0QFIEJ,8,Service Outage,Yes,23,7
CUST-KUUSNG,CUST-VXUZWJ,53,Service Outage,No,40,9
CUST-NYNIOX,CUST-HSGFSU,17,Slow Internet,No,4,5
CUST-AEZMEP,CUST-IRRRJG,53,Billing Issue,Yes,17,9
CUST-QXKCMJ,CUST-BVHVQR,8,Service Outage,No,36,6
CUST-LNMTCZ,CUST-0ZCJGS,32,Service Outage,No,13,9
CUST-IAWZSU,CUST-PSHGCM,57,Service Outage,No,5,9
CUST-NEBGAB,CUST-GXVXFY,10,Customer Support Delay,Yes,22,6
CUST-MTNATJ,CUST-TZVJIZ,35,Service Outage,No,9,5
CUST-ZKDSRC,CUST-EFWEPI,4,Customer Support Delay,No,38,8
CUST-RGAFTN,CUST-OLTCJM,26,Billing Issue,Yes,29,7
CUST-XHWYKR,CUST-NPUITQ,33,Service Outage,No,36,8
CUST-XUKXQG,CUST-EFWEPI,41,Slow Internet,No,17,7
CUST-RIQSGN,CUST-CRFVZY,33,Service Outage,No,5,5
CUST-NMHEQU,CUST-DCEHRQ,22,Service Outage,Yes,30,6
CUST-IMVQKQ,CUST-TIEYQZ,27,Billing Issue,No,28,9
CUST-EBYFGQ,CUST-SIUZWQ,21,Installation Delay,No,7,5
CUST-VPHDUE,CUST-ZZFLFJ,57,Customer Support Delay,Yes,34,8
CUST-VVJLQB,CUST-DUKUTK,51,Installation Delay,Yes,41,6
CUST-NZGQMU,CUST-VDSRHI,20,Installation Delay,No,41,9
CUST-HGNAPQ,CUST-DCSOCL,39,Billing Issue,No,27,8
CUST-XBVVWL,CUST-VDSRHI,18,Billing Issue,Yes,36,8
CUST-HFLEEE,CUST-VJ0FMC,11,Customer Support Delay,Yes,31,8
CUST-WBVABK,CUST-GKHFIY,29,Slow Internet,No,22,6
CUST-FHXSER,CUST-OCDINL,16,Billing Issue,Yes,26,5
CUST-BYFIGA,CUST-XICFAO,41,Installation Delay,Yes,39,9
CUST-EQVEGT,CUST-WPIIDZ,23,Slow Internet,Yes,13,8
CUST-YZJHHN,CUST-VWXHHP,5,Slow Internet,No,34,5
CUST-AJSFGW,CUST-EBESWD,9,Slow Internet,No,35,6
CUST-SZMTTT,CUST-MBGHKK,25,Customer Support Delay,Yes,40,7
CUST-ZCEYSF,CUST-FDMBYM,35,Service Outage,Yes,39,8
CUST-WCTTJI,CUST-SHFFFI,59,Customer Support Delay,Yes,22,8
CUST-AONHSH,CUST-QCDXZN,12,Installation Delay,No,37,7
CUST-JEORTL,CUST-LUNGKE,57,Customer Support Delay,No,37,5
CUST-WGJAHT,CUST-YQQUYZ,17,Installation Delay,Yes,10,7
CUST-EQOWTO,CUST-TRMNQN,8,Slow Internet,Yes,39,7
CUST-ZNDBQF,CUST-ZKGLOG,40,Slow Internet,Yes,43,7
CUST-KHUVXJ,CUST-BCCMTX,28,Billing Issue,No,42,5
CUST-GSVJWG,CUST-OOEKPO,4,Customer Support Delay,No,5,8
CUST-APVXIW,CUST-EFAKSZ,10,Billing Issue,No,19,9
CUST-CVNIVV,CUST-EPADZG,8,Customer Support Delay,No,41,6
CUST-AQYLM0,CUST-JEIILL,8,Installation Delay,No,41,5
CUST-XAZBFB,CUST-FXLDEC,55,Slow Internet,No,28,7
CUST-USWDAN,CUST-ZTUMEZ,11,Slow Internet,Yes,16,7
CUST-SYXVLJ,CUST-POCNLO,47,Slow Internet,Yes,10,7
CUST-XQCXHL,CUST-JHXDLE,23,Service Outage,Yes,21,5
CUST-UIWNMB,CUST-VZVPBN,32,Slow Internet,No,5,5
CUST-BMWLZE,CUST-AHVOBJ,10,Customer Support Delay,No,8,9
CUST-BYSMXM,CUST-INFMRL,17,Service Outage,No,21,9
CUST-HALKJP,CUST-AXWNZB,53,Installation Delay,No,41,7
CUST-HWJBGN,CUST-SGLXKI,5,Installation Delay,No,13,8
CUST-TCXIGG,CUST-MZAUJF,11,Service Outage,Yes,11,6
CUST-QKEXNF,CUST-SXQGJD,7,Customer Support Delay,Yes,20,9
CUST-SPMNXR,CUST-WTEGFQ,39,Slow Internet,No,21,9
CUST-XWCUWQ,CUST-AFQHWQ,13,Slow Internet,Yes,30,6
CUST-SDHMJZ,CUST-IVMZMZ,50,Installation Delay,No,29,8
CUST-LOIRCQ,CUST-DUJYSF,13,Installation Delay,No,41,6
CUST-QIJESV,CUST-N0U0PZ,49,Slow Internet,Yes,19,9
CUST-CXQENO,CUST-ZWFYMS,31,Billing Issue,Yes,41,5
CUST-GPMGBC,CUST-PFSMEZ,51,Service Outage,Yes,11,9
CUST-PMMJLQ,CUST-0QFIEJ,6,Customer Support Delay,No,11,6
CUST-BNWVOG,CUST-PSHGCM,41,Slow Internet,No,21,5
CUST-XGKEBQ,CUST-VNNRAK,22,Installation Delay,No,8,8
CUST-NRZZXE,CUST-UNYUIR,46,Installation Delay,No,7,7
CUST-0MCETP,CUST-WCWODX,32,Service Outage,No,8,9
CUST-ASKFST,CUST-UEGKDS,56,Slow Internet,Yes,12,8
CUST-FXIDGY,CUST-ERJCBN,33,Billing Issue,Yes,43,6
CUST-IVVXGH,CUST-AEAJZH,49,Service Outage,No,7,5
CUST-LCDFDM,CUST-NEHKHX,16,Customer Support Delay,No,9,5
CUST-HJWLOO,CUST-OXIJIF,36,Service Outage,Yes,41,6
CUST-HDYKHB,CUST-QEZCVV,57,Installation Delay,No,2,8
CUST-GCOETK,CUST-KKAKWK,25,Billing Issue,No,14,8
CUST-UMWNKT,CUST-HUZNHA,7,Service Outage,No,41,6
CUST-XXFZFA,CUST-EFAKSZ,39,Service Outage,Yes,23,8
CUST-PLLXXS,CUST-UZHYCU,4,Service Outage,Yes,22,7
CUST-0GJVJW,CUST-ISBGAR,9,Slow Internet,Yes,42,6
CUST-UBUVOR,CUST-XWELRG,39,Billing Issue,Yes,4,5
CUST-XRNAJH,CUST-PSHGCM,15,Slow Internet,No,24,8
CUST-IBWEPZ,CUST-INYAMS,4,Billing Issue,Yes,26,9
CUST-JIWCPM,CUST-HERSIB,20,Installation Delay,Yes,36,6
CUST-ZHYYGQ,CUST-UWATBM,13,Installation Delay,No,4,7
CUST-BZQPWS,CUST-EWSUXM,34,Service Outage,No,17,6
CUST-LNFTJV,CUST-WGWTPW,40,Billing Issue,Yes,8,9
CUST-PADQHK,CUST-ZRGZTN,48,Slow Internet,Yes,9,7
CUST-GVRANX,CUST-UZIWCW,46,Slow Internet,Yes,38,8
CUST-SRRZVO,CUST-GTAOTB,2,Customer Support Delay,No,33,9
CUST-OSLGTZ,CUST-SXEAWW,56,Customer Support Delay,No,43,6
CUST-NPEEJQ,CUST-RHXYTK,40,Installation Delay,Yes,7,5
CUST-LYYCLJ,CUST-FVYJPJ,2,Billing Issue,Yes,41,5
CUST-GPAIHK,CUST-ORFQMW,56,Service Outage,No,42,7
CUST-W0BWAE,CUST-KWCSBX,5,Service Outage,Yes,25,7
CUST-WJFQZP,CUST-HJFYNA,36,Slow Internet,Yes,17,9
CUST-CSHDSO,CUST-BCZJXB,50,Slow Internet,Yes,18,5
CUST-OFCKNS,CUST-EBUYOF,17,Service Outage,Yes,25,7
CUST-TVSDKA,CUST-YEMUOW,11,Customer Support Delay,Yes,41,9
CUST-YYZKSP,CUST-ZWFYMS,23,Installation Delay,Yes,37,6
CUST-NJFIYW,CUST-ULOWJA,18,Installation Delay,Yes,26,7
CUST-WDRQWB,CUST-XNEAWP,20,Customer Support Delay,No,16,6
CUST-TYMSZA,CUST-CEHZBV,16,Billing Issue,No,7,6
CUST-XTXDCL,CUST-YTQGXK,30,Billing Issue,No,30,7
CUST-FVC0KH,CUST-ISEQUK,16,Billing Issue,No,41,7
CUST-ANJ0XP,CUST-XRPDAP,43,Service Outage,No,24,9
CUST-XEZDPE,CUST-NFAULM,53,Installation Delay,Yes,19,9
CUST-QLAUPA,CUST-VRZQZI,9,Customer Support Delay,Yes,21,7
CUST-QJXFAT,CUST-YEBYLN,42,Customer Support Delay,No,36,8
CUST-WWJCSB,CUST-HAFUDN,38,Service Outage,Yes,2,8
CUST-JFAQAZ,CUST-LFRXOC,26,Slow Internet,Yes,27,7
CUST-KGULDH,CUST-WURETA,21,Slow Internet,Yes,25,8
CUST-LFMEYF,CUST-HZNUNM,50,Slow Internet,Yes,28,9
CUST-GRKYJD,CUST-URVTRD,2,Customer Support Delay,No,12,9
CUST-XIFXWC,CUST-OEUUYQ,36,Service Outage,Yes,23,8
CUST-CHLPBN,CUST-VPVGLU,42,Slow Internet,No,33,6
CUST-FVYNXS,CUST-FNLMSC,12,Slow Internet,Yes,22,8
CUST-OBPHFR,CUST-NNCHDN,19,Service Outage,Yes,15,7
CUST-QAOYYW,CUST-UAUBYI,54,Customer Support Delay,Yes,39,9
CUST-AVHMWM,CUST-DICFBV,9,Customer Support Delay,No,8,5
CUST-CVVTVV,CUST-EFWEPI,51,Customer Support Delay,No,7,7
CUST-FEWPPP,CUST-MLJRYA,19,Customer Support Delay,No,33,5
CUST-VKQBIY,CUST-EZGXJU,5,Customer Support Delay,Yes,40,7
CUST-QPYDOJ,CUST-DHRXZG,58,Billing Issue,Yes,1,7
CUST-HOWLSO,CUST-CUNOVY,24,Billing Issue,Yes,32,9
CUST-TXPXNE,CUST-HQTMNF,55,Billing Issue,Yes,21,8
CUST-ICDLXX,CUST-ASMOPP,14,Slow Internet,No,25,7
CUST-KWNZSW,CUST-CCXXDH,3,Billing Issue,Yes,27,8
CUST-KCEHDU,CUST-WWRAUT,55,Service Outage,No,4,9
CUST-YAVIAQ,CUST-CGHARR,34,Slow Internet,No,26,8
CUST-DZVXK0,CUST-GHYSTV,35,Billing Issue,No,3,7
CUST-KGYQMY,CUST-RPBXIF,7,Service Outage,No,32,6
CUST-MIKAIW,CUST-DNSXFW,28,Slow Internet,No,13,5
CUST-CBPEYM,CUST-ADHWDZ,45,Billing Issue,No,29,8
CUST-XLXTQH,CUST-BFRQNA,54,Service Outage,Yes,29,5
CUST-IMHMMW,CUST-MZAUJF,17,Installation Delay,Yes,15,9
CUST-VVBGFS,CUST-VIOXQK,25,Billing Issue,Yes,42,8
CUST-SGTBAZ,CUST-OVZMXB,17,Slow Internet,No,6,9
CUST-DZRTKI,CUST-EWLTWF,46,Billing Issue,No,37,7
CUST-SITWPE,CUST-VQRRGY,16,Installation Delay,Yes,16,7
CUST-WIISEH,CUST-UUBKKI,38,Slow Internet,No,15,9
CUST-MXUGYW,CUST-YUVQYY,54,Service Outage,No,15,8
CUST-HZXDRG,CUST-ISEQUK,40,Slow Internet,Yes,18,6
CUST-JMTIAA,CUST-DEIEWN,47,Service Outage,No,7,6
CUST-PQNUDS,CUST-VCRPEF,30,Customer Support Delay,No,28,7
CUST-JRXHQB,CUST-AGCDWV,47,Slow Internet,Yes,40,6
CUST-GALXDL,CUST-NFAULM,38,Service Outage,Yes,43,5
CUST-ONKJEX,CUST-FWLXFS,36,Billing Issue,No,41,8
CUST-GHTMDJ,CUST-QHIKHK,48,Installation Delay,Yes,10,6
CUST-MUMXUZ,CUST-GTAOTB,24,Billing Issue,No,43,9
CUST-WYBYHO,CUST-GOHDBW,24,Billing Issue,No,5,6
CUST-VEPAYT,CUST-ZCZTOI,17,Service Outage,Yes,2,9
CUST-LHKVAH,CUST-JXAFMH,51,Service Outage,Yes,36,8
CUST-GDWMTF,CUST-ZFTDSM,3,Installation Delay,No,29,5
CUST-WGZEDE,CUST-ZNYCRP,30,Slow Internet,No,42,8
CUST-KHHBJR,CUST-HJFYNA,40,Installation Delay,No,44,8
CUST-PCDNFG,CUST-DICYMM,23,Customer Support Delay,No,13,5
CUST-TCKMPC,CUST-KAEPUB,37,Service Outage,No,16,5
CUST-QTKJJM,CUST-SGSTOO,29,Customer Support Delay,Yes,27,6
CUST-MLZLGE,CUST-CESZBM,51,Service Outage,Yes,10,5
CUST-GKQEQY,CUST-TKCMRC,25,Service Outage,Yes,37,8
CUST-AIBDYO,CUST-QXPWZY,51,Customer Support Delay,No,32,9
CUST-IZHANJ,CUST-TEHYLZ,52,Customer Support Delay,Yes,10,5
CUST-UULFBH,CUST-HZNUNM,35,Billing Issue,Yes,12,9
CUST-BGGLRX,CUST-NEHKHX,58,Installation Delay,No,7,9
CUST-KAEBCD,CUST-LVVBXE,16,Installation Delay,Yes,7,9
CUST-WNLLLZ,CUST-QTBDQU,27,Customer Support Delay,Yes,12,8
CUST-SISPLN,CUST-VMKQGG,9,Installation Delay,No,38,8
CUST-HELEMN,CUST-YCNWDU,55,Billing Issue,No,34,7
CUST-GSTHYE,CUST-STDAQT,15,Installation Delay,Yes,23,6
CUST-DQIXJY,CUST-KFUHKG,27,Customer Support Delay,Yes,13,9
CUST-WODTCI,CUST-GDLSKA,12,Slow Internet,Yes,6,7
CUST-LXBAYS,CUST-TMBFJM,6,Billing Issue,No,14,5
CUST-UWOXPL,CUST-OBLPLS,37,Service Outage,Yes,33,7
CUST-YEOVQL,CUST-ENIBRB,39,Customer Support Delay,No,12,8
CUST-JNWAPK,CUST-LBNHLM,28,Service Outage,Yes,3,5
CUST-CNBSVN,CUST-SIYGPD,58,Billing Issue,No,42,7
CUST-QTWXBA,CUST-QXQMUP,29,Slow Internet,No,33,9
CUST-LCGXCK,CUST-KT0YZQ,8,Slow Internet,Yes,5,7
CUST-FLLRFH,CUST-QJFGMA,25,Slow Internet,No,20,7
CUST-PUVRLZ,CUST-DHEZEA,28,Customer Support Delay,Yes,17,9
CUST-UHEIRV,CUST-KHSMPZ,1,Slow Internet,No,6,9
CUST-RLVLZG,CUST-EXEPUG,11,Billing Issue,Yes,44,9
CUST-XHLRKP,CUST-YXSFWV,54,Customer Support Delay,No,9,9
CUST-ORQJOS,CUST-QJFGMA,17,Service Outage,No,27,5
CUST-UMGUUW,CUST-VMKQGG,37,Billing Issue,Yes,33,8
CUST-PVURXR,CUST-KNYRYH,43,Installation Delay,No,26,7
CUST-SFSGRS,CUST-XOHLVD,56,Billing Issue,No,26,6
CUST-PFRNDV,CUST-NANNCD,40,Service Outage,No,11,9
CUST-IBIPZV,CUST-ZGTQAF,16,Service Outage,Yes,25,8
CUST-NRLQRW,CUST-WTDDJW,18,Slow Internet,No,19,8
CUST-VWUCMW,CUST-ZIBSVG,27,Customer Support Delay,Yes,24,6
CUST-SMIFRU,CUST-JCBFHS,33,Installation Delay,Yes,18,9
CUST-VQILND,CUST-CWWMCC,20,Billing Issue,Yes,43,7
CUST-NELCMD,CUST-WQXANU,11,Installation Delay,No,3,5
CUST-RQSUAP,CUST-UUBKKI,36,Installation Delay,Yes,13,5
CUST-KRKBUP,CUST-QHTKHY,21,Slow Internet,Yes,20,9
CUST-IUYIHD,CUST-TYEIMG,9,Installation Delay,No,29,7
CUST-IWBTSM,CUST-BCCMTX,35,Slow Internet,Yes,7,5
CUST-OTFSLJ,CUST-RHGBEG,6,Service Outage,Yes,17,9
CUST-DCRBFI,CUST-ENWBIB,9,Billing Issue,Yes,8,7
CUST-CMCUNL,CUST-QJXXNX,45,Slow Internet,No,31,9
CUST-SZFTBH,CUST-ORAMDR,17,Customer Support Delay,Yes,5,8
CUST-COXBJR,CUST-LFYSRB,41,Billing Issue,Yes,8,7
CUST-LCGMTR,CUST-KJWNWH,39,Service Outage,No,9,9
CUST-OHSEDG,CUST-EQKLUA,31,Billing Issue,No,14,8
CUST-EAGJDE,CUST-XLMHAO,12,Service Outage,Yes,8,5
CUST-JGGBLJ,CUST-MB0ZPM,42,Slow Internet,Yes,29,7
CUST-SOIHWJ,CUST-TZRLJT,4,Slow Internet,No,41,9
CUST-GXNIFO,CUST-QKIHVH,11,Billing Issue,No,10,9
CUST-CDTMXH,CUST-UGYEEN,23,Service Outage,No,42,5
CUST-VCMPTR,CUST-XBTYZL,16,Billing Issue,Yes,10,9
CUST-PGCQXB,CUST-IHTTWQ,1,Billing Issue,No,13,7
CUST-TKQDXC,CUST-YPMPDM,32,Slow Internet,Yes,20,7
CUST-XIWEKI,CUST-JNUKMM,4,Installation Delay,No,39,7
CUST-AUIOOT,CUST-XYKLRW,21,Service Outage,Yes,43,7
CUST-LPEDDV,CUST-RCJTGQ,59,Installation Delay,Yes,17,9
CUST-ZHMUXG,CUST-SIYGPD,16,Customer Support Delay,No,29,9
CUST-QPASUD,CUST-MDBLHX,17,Billing Issue,Yes,30,7
CUST-FZHFGP,CUST-ZNYCRP,9,Customer Support Delay,No,19,5
CUST-XSYCPT,CUST-STTQFH,18,Service Outage,No,22,8
CUST-KLVCSG,CUST-BIVXZS,46,Billing Issue,No,6,9
CUST-BOQSAY,CUST-GTAOTB,19,Slow Internet,Yes,34,6
CUST-YGSAPB,CUST-UUCHGJ,6,Billing Issue,Yes,10,7
CUST-VPICCF,CUST-UEDGVO,48,Billing Issue,No,30,6
CUST-CMNUAL,CUST-TFEJMN,55,Installation Delay,No,38,9
CUST-FXJMDP,CUST-RWQDIZ,5,Billing Issue,No,28,9
CUST-QFUSGX,CUST-QWUYOH,54,Billing Issue,Yes,20,7
CUST-TXTVCJ,CUST-SGSTOO,3,Billing Issue,Yes,7,6
CUST-SOEDUL,CUST-IQGARX,18,Slow Internet,Yes,1,6
CUST-FZIGLO,CUST-KOVZHG,51,Customer Support Delay,No,14,7
CUST-QYWHRT,CUST-POCNLO,18,Installation Delay,No,13,8
CUST-YTPNOF,CUST-JXAFMH,23,Customer Support Delay,No,36,9
CUST-UXNJZK,CUST-RWQDIZ,4,Customer Support Delay,Yes,3,5
CUST-DNFLGZ,CUST-RWQDIZ,26,Service Outage,No,35,9
CUST-PQMKTP,CUST-CVGDAK,40,Slow Internet,No,22,7
CUST-LOFEVR,CUST-GOAGQW,41,Customer Support Delay,No,29,7
CUST-VIOOQQ,CUST-ROSFWM,3,Service Outage,No,34,5
CUST-OOEFRI,CUST-NRBIXS,9,Installation Delay,Yes,10,5
CUST-MCOEZM,CUST-HSXXPH,35,Slow Internet,Yes,15,7
CUST-YBUBWA,CUST-BJUYFU,18,Service Outage,Yes,34,8
CUST-OTECPX,CUST-ZWSBLO,35,Service Outage,No,42,6
CUST-RCEKST,CUST-NEXGPL,17,Slow Internet,No,17,5
CUST-CLGDFK,CUST-HZNUNM,3,Installation Delay,Yes,9,7
CUST-ICNGZN,CUST-UHVSCI,25,Billing Issue,No,7,8
CUST-PYAOIN,CUST-KKKPVV,25,Service Outage,No,44,5
CUST-YTDIXK,CUST-PRKQGZ,36,Customer Support Delay,No,3,6
CUST-FLPMZX,CUST-BJJXIS,51,Customer Support Delay,Yes,40,9
CUST-SENCRV,CUST-CGHARR,30,Slow Internet,No,35,7
CUST-HYZFUU,CUST-YKTSRK,8,Service Outage,No,35,9
CUST-RAHOHE,CUST-ZQZPBR,40,Customer Support Delay,Yes,22,8
CUST-QBAIKR,CUST-OVPZFP,14,Slow Internet,Yes,14,8
CUST-NQQZWG,CUST-WCWODX,9,Service Outage,No,37,9
CUST-LSHMVY,CUST-SMZOXR,17,Installation Delay,Yes,35,7
CUST-HYIFKH,CUST-PSHGCM,5,Slow Internet,Yes,8,8
CUST-PVDCLB,CUST-KIJSVR,2,Billing Issue,Yes,9,6
CUST-TZKKTX,CUST-QIEVZO,35,Service Outage,Yes,19,9
CUST-BQJWBE,CUST-KFIHPO,1,Service Outage,No,35,6
CUST-NWMZKZ,CUST-IETYRQ,15,Installation Delay,No,42,8
CUST-ANEE0R,CUST-UGNXRG,1,Slow Internet,Yes,42,5
CUST-LMAHIP,CUST-ZAZFRJ,16,Installation Delay,No,17,6
CUST-UCXNMU,CUST-MDOVEB,33,Slow Internet,No,27,5
CUST-XBYDLW,CUST-QVJCQL,49,Slow Internet,Yes,16,5
CUST-NEEPYH,CUST-SGYQGR,43,Slow Internet,Yes,9,8
CUST-BZVHMC,CUST-WGQLZM,2,Slow Internet,No,13,5
CUST-ROJDMV,CUST-TIWDVV,49,Slow Internet,Yes,7,6
CUST-ZHDGYO,CUST-PLXEDI,51,Installation Delay,Yes,25,8
CUST-VBOPMS,CUST-SGLXKI,10,Customer Support Delay,No,23,7
CUST-INRYMZ,CUST-ZAZFRJ,1,Slow Internet,Yes,29,7
CUST-WBMKVT,CUST-NQIVTC,20,Service Outage,No,26,7
CUST-EFEZHY,CUST-EBESWD,34,Service Outage,Yes,37,8
CUST-CHQNRM,CUST-ERWGBE,31,Customer Support Delay,No,36,5
CUST-KLHUOZ,CUST-CFVZSV,57,Slow Internet,Yes,41,9
CUST-LLYGHH,CUST-IDXVPY,31,Installation Delay,No,23,7
CUST-ZMXLRY,CUST-PHTXOR,11,Slow Internet,No,12,6
CUST-DQDPXZ,CUST-KTLVBE,29,Billing Issue,Yes,5,6
CUST-WRQQJX,CUST-THSYAW,5,Slow Internet,Yes,34,7
CUST-VQWGJP,CUST-RKAYXK,28,Installation Delay,Yes,20,7
CUST-GKAXNH,CUST-AIFNIY,8,Slow Internet,Yes,19,5
CUST-CZDXFO,CUST-GDNVQW,22,Billing Issue,No,21,6
CUST-MBYTGJ,CUST-CKBQPP,26,Billing Issue,Yes,28,7
CUST-YRANDH,CUST-MDZUYJ,9,Slow Internet,No,24,9
CUST-IUHLPY,CUST-RCZDAC,10,Service Outage,Yes,4,6
CUST-HKONOQ,CUST-BCCMTX,39,Installation Delay,No,19,7
CUST-YQAOFM,CUST-SJWVXL,55,Slow Internet,No,41,7
CUST-FFZWOL,CUST-RCXLSW,17,Customer Support Delay,Yes,44,7
CUST-ZXOZEA,CUST-BSIJPB,3,Billing Issue,No,30,6
CUST-NQYBJP,CUST-UEDGVO,4,Customer Support Delay,No,11,8
CUST-NPLZHY,CUST-DNSXFW,42,Customer Support Delay,Yes,42,9
CUST-KAGCDT,CUST-DTNBYJ,5,Installation Delay,No,28,9
CUST-QXFYHD,CUST-POCNLO,47,Service Outage,No,11,7
CUST-DTPOEC,CUST-QLCHOB,20,Service Outage,No,25,6
CUST-LWWDIH,CUST-EBUYOF,24,Installation Delay,Yes,12,9
CUST-AEJJGO,CUST-OLTCJM,54,Installation Delay,No,35,8
CUST-ZIAANL,CUST-UQRMEL,23,Service Outage,No,16,8
CUST-WHCDRH,CUST-DICYMM,29,Service Outage,No,5,7
CUST-PUTZLY,CUST-YUVQYY,12,Slow Internet,Yes,31,7
CUST-MWUERT,CUST-XFGPVB,41,Customer Support Delay,Yes,9,9
CUST-YDUGPP,CUST-KFDXIB,47,Billing Issue,Yes,37,9
CUST-CHARUI,CUST-ILFPOV,35,Billing Issue,Yes,7,5
CUST-PYYORQ,CUST-XOODPV,19,Customer Support Delay,No,30,6
CUST-FALJES,CUST-SGHWPM,22,Slow Internet,No,37,7
CUST-EBRLUK,CUST-YOXXWE,9,Installation Delay,Yes,24,7
CUST-BOHSFH,CUST-RBSQJY,50,Slow Internet,Yes,7,7
CUST-NGFYEN,CUST-BUBJHF,33,Customer Support Delay,No,41,5
CUST-NGKAOO,CUST-IVHCTA,53,Customer Support Delay,No,14,8
CUST-HBKLNU,CUST-WHGRVS,8,Customer Support Delay,No,22,9
CUST-SHFMBD,CUST-0PS0NU,28,Slow Internet,No,33,5
CUST-NUCUKK,CUST-RPKSUW,12,Service Outage,No,32,8
CUST-OXESPD,CUST-WLNZWL,19,Billing Issue,Yes,42,9
CUST-BPKDOD,CUST-JRSFTK,19,Slow Internet,No,29,5
CUST-HKAYZM,CUST-LWKEWF,36,Service Outage,Yes,36,9
CUST-AVQNOG,CUST-EKQUIY,59,Slow Internet,Yes,24,8
CUST-FHYRPL,CUST-LVKJTS,19,Customer Support Delay,Yes,6,8
CUST-YTCIPP,CUST-AXUZAC,35,Slow Internet,No,16,9
CUST-MEMIEY,CUST-QCQHAY,20,Customer Support Delay,No,23,9
CUST-SEFGIJ,CUST-BBICOG,27,Slow Internet,No,18,5
CUST-ZETZAK,CUST-JHXDLE,4,Billing Issue,No,25,9
CUST-HQWPPC,CUST-SVZRPL,7,Billing Issue,No,10,9
CUST-VSKEVT,CUST-WPIIDZ,37,Billing Issue,Yes,2,6
CUST-XXVYHU,CUST-CEJXCG,26,Customer Support Delay,Yes,39,5
CUST-BWWYS0,CUST-BXADMI,23,Installation Delay,No,31,6
CUST-ZJZXCY,CUST-ZQNUDE,19,Slow Internet,No,21,8
CUST-RCJBSF,CUST-QOAAJH,11,Customer Support Delay,No,29,8
CUST-ETPAFJ,CUST-CVDUZV,2,Installation Delay,Yes,43,8
CUST-LIYIAO,CUST-QWTKZW,37,Billing Issue,Yes,34,9
CUST-AHMBZH,CUST-GIOCRV,34,Billing Issue,Yes,19,7
CUST-MAWPMX,CUST-DKUZEJ,14,Slow Internet,No,1,6
CUST-DUPAPJ,CUST-YIIUJR,21,Slow Internet,No,2,5
CUST-QDQBTS,CUST-ZZFLFJ,56,Service Outage,Yes,36,5
CUST-YXHEDW,CUST-SCFWBC,30,Customer Support Delay,No,32,6
CUST-ZTNUTL,CUST-XNEAWP,14,Service Outage,No,4,8
CUST-JYVFGM,CUST-SAUQNR,18,Installation Delay,Yes,16,7
CUST-JBUUPT,CUST-MDZUYJ,37,Billing Issue,No,5,8
CUST-VTRTHC,CUST-QIWXYG,10,Customer Support Delay,No,41,7
CUST-GAHUPM,CUST-OMKEIE,24,Service Outage,No,43,9
CUST-KWZFIX,CUST-YEMUOW,57,Installation Delay,No,5,5
CUST-ACMWQP,CUST-YKTSRK,9,Slow Internet,Yes,1,7
CUST-XQTQVG,CUST-ISBIX0,2,Slow Internet,No,9,9
CUST-XRAWCI,CUST-DSSKAS,13,Billing Issue,No,29,8
CUST-VMGKBT,CUST-CQHVME,30,Service Outage,No,12,8
CUST-UMUVNN,CUST-MQFIYA,30,Service Outage,Yes,37,5
CUST-PJRCMJ,CUST-VMJJZX,29,Installation Delay,Yes,43,9
CUST-VBCOPP,CUST-HUZNHA,41,Service Outage,Yes,38,5
CUST-AXWBZG,CUST-EWSUXM,39,Customer Support Delay,No,20,5
CUST-WEDXYB,CUST-JTIHIY,33,Service Outage,Yes,44,7
CUST-EASBKY,CUST-NSHHOL,53,Slow Internet,Yes,36,5
CUST-LOYCFV,CUST-PJMCBG,23,Billing Issue,Yes,20,6
CUST-XQNKNN,CUST-GHSVBI,12,Slow Internet,Yes,24,7
CUST-LHOAPB,CUST-MXTFQY,59,Billing Issue,Yes,13,5
CUST-DPIRAS,CUST-ATHDUR,45,Service Outage,Yes,1,5
CUST-KVFFFR,CUST-QAVMBM,34,Installation Delay,No,24,9
CUST-OULOUH,CUST-DUJQTS,16,Installation Delay,No,19,8
CUST-KGSPDD,CUST-JYJQLD,21,Customer Support Delay,Yes,19,8
CUST-MPSIGA,CUST-MOAAHY,46,Installation Delay,Yes,21,6
CUST-KDPMWZ,CUST-SZGPAO,13,Billing Issue,No,6,8
CUST-URCPJS,CUST-BRPKNI,36,Service Outage,No,33,5
CUST-RJDZFY,CUST-BUBJHF,3,Customer Support Delay,Yes,23,5
CUST-AZRFJF,CUST-DUJQTS,58,Slow Internet,No,24,8
CUST-JPJFEC,CUST-PXVDRY,52,Billing Issue,No,27,9
CUST-WNAIOG,CUST-WMGAAV,59,Slow Internet,No,13,9
CUST-FVAVTI,CUST-PFSMEZ,19,Slow Internet,No,13,9
CUST-YMSESD,CUST-NJECLL,18,Billing Issue,No,2,9
CUST-WFRTSR,CUST-DVXILJ,57,Billing Issue,No,4,9
CUST-UTEOWR,CUST-OCDINL,49,Service Outage,No,20,6
CUST-LYLBXD,CUST-NRPKKI,29,Customer Support Delay,Yes,15,9
CUST-YUEDMN,CUST-P000QT,20,Billing Issue,No,21,7
CUST-ECSAQD,CUST-WBDMDP,44,Customer Support Delay,No,36,9
CUST-HMYHAR,CUST-NQIVTC,17,Billing Issue,No,20,7
CUST-KGICWU,CUST-QCESUJ,28,Customer Support Delay,No,32,9
CUST-EPQXLZ,CUST-WWOFAL,40,Installation Delay,Yes,9,9
CUST-FPGQOL,CUST-EPMJJZ,10,Customer Support Delay,Yes,19,8
CUST-MYRDWU,CUST-QNBFRZ,41,Service Outage,Yes,44,6
CUST-SGYXRH,CUST-UGYEEN,51,Installation Delay,No,20,6
CUST-QXFEZS,CUST-RPKSUW,33,Customer Support Delay,No,28,6
CUST-NPLISB,CUST-JXAFMH,46,Installation Delay,Yes,17,6
CUST-QEAKND,CUST-ERETLE,25,Billing Issue,No,44,6
CUST-VVCCSO,CUST-BVHVQR,45,Slow Internet,Yes,3,8
CUST-YEUJNE,CUST-JLRSZW,38,Installation Delay,Yes,37,7
CUST-CKAHPV,CUST-MHATCF,37,Billing Issue,Yes,24,7
CUST-VRGEIW,CUST-AQOPNN,55,Billing Issue,Yes,20,6
CUST-ALCMLC,CUST-UAUBYI,38,Billing Issue,No,30,5
CUST-ANRFPO,CUST-LUNGKE,27,Slow Internet,No,42,7
CUST-ZSHPTQ,CUST-ZJDBYL,48,Slow Internet,Yes,31,7
CUST-LSNBUR,CUST-YUVQYY,24,Service Outage,Yes,7,8
CUST-RHZYUQ,CUST-HQBOSX,30,Billing Issue,Yes,32,7
CUST-ZLAJMH,CUST-MAKZJQ,10,Service Outage,No,2,5
CUST-MUIQAL,CUST-APYJNO,10,Customer Support Delay,No,23,9
CUST-ZRSULQ,CUST-JNDCYO,2,Service Outage,No,40,5
CUST-KUKZFH,CUST-KQQAJZ,42,Customer Support Delay,Yes,13,7
CUST-KSNTBA,CUST-YUVQYY,54,Service Outage,Yes,42,9
CUST-KPFQZO,CUST-VSYZHC,15,Billing Issue,No,37,7
CUST-SVJDCD,CUST-IQGARX,57,Installation Delay,Yes,4,9
CUST-GECTTW,CUST-IHTTWQ,17,Installation Delay,No,28,7
CUST-AGMAGW,CUST-YPMPDM,36,Customer Support Delay,No,23,9
CUST-DKVMZK,CUST-UEDGVO,45,Service Outage,No,29,9
CUST-DCLDWT,CUST-YFARJC,18,Slow Internet,No,25,7
CUST-JYBDWD,CUST-IRRRJG,56,Billing Issue,No,7,9
CUST-YXESFH,CUST-BGEGKK,17,Service Outage,No,11,7
CUST-QBBXHS,CUST-EWKIHB,9,Installation Delay,Yes,21,9
CUST-OSJQEF,CUST-SYASAA,22,Billing Issue,Yes,5,7
CUST-PBDNSZ,CUST-JOSRNO,39,Installation Delay,No,2,8
CUST-TMAQAP,CUST-VYRHRH,18,Service Outage,No,17,7
CUST-ADCNHX,CUST-LTXPIN,17,Installation Delay,No,18,9
CUST-VSJCHL,CUST-UCHEID,37,Slow Internet,No,2,6
CUST-PCQOAS,CUST-PRDUMT,26,Billing Issue,No,29,8
CUST-MXPLAA,CUST-PDVTVV,2,Installation Delay,No,34,6
CUST-XYDCGA,CUST-DWERGD,39,Customer Support Delay,No,34,5
CUST-LWHMSA,CUST-MZAUJF,16,Slow Internet,No,43,6
CUST-KMLOMQ,CUST-NOSGJS,8,Billing Issue,Yes,13,6
CUST-IIWVLV,CUST-BZIYUX,56,Billing Issue,No,25,8
CUST-DGZUDL,CUST-ORAMDR,3,Billing Issue,Yes,13,9
CUST-PCXDAP,CUST-GBHHNI,29,Slow Internet,Yes,11,6
CUST-XYNSOG,CUST-ASMOPP,41,Billing Issue,No,28,5
CUST-AJLZNZ,CUST-ORFQMW,6,Billing Issue,Yes,5,8
CUST-EKWEWK,CUST-MDWCMT,41,Installation Delay,No,44,9
CUST-CWNVYV,CUST-COGGXD,22,Customer Support Delay,No,35,9
CUST-AQDIVX,CUST-JXAFMH,46,Installation Delay,Yes,28,8
CUST-RGWTXU,CUST-MWOBDC,59,Installation Delay,No,3,7
CUST-STKRHG,CUST-KFIHPO,29,Billing Issue,No,1,8
CUST-VOFYCS,CUST-UHGTJN,1,Slow Internet,Yes,7,6
CUST-ASSIBV,CUST-VLZB0Y,46,Installation Delay,Yes,21,9
CUST-KQGVBL,CUST-FCXNTK,26,Installation Delay,No,32,6
CUST-WJBAUN,CUST-IXDGEA,41,Installation Delay,No,34,6
CUST-ESPWRE,CUST-QJXXNX,44,Installation Delay,No,10,8
CUST-JNQLLD,CUST-JOWQPN,54,Billing Issue,Yes,24,5
CUST-MKFHNY,CUST-TROHDX,21,Slow Internet,No,3,9
CUST-NATPNB,CUST-ZZFLFJ,49,Service Outage,No,37,5
CUST-PTMTCI,CUST-SATIHH,8,Service Outage,No,13,5
CUST-WXMDEW,CUST-TKIFYH,55,Customer Support Delay,No,31,6
CUST-SRLHFA,CUST-CJMOTI,16,Billing Issue,No,31,5
CUST-JLOHDV,CUST-WGQLZM,29,Billing Issue,No,29,6
CUST-QUSXLP,CUST-GHSVBI,13,Slow Internet,No,18,7
CUST-SYIMGV,CUST-PWHZRU,8,Service Outage,No,25,9
CUST-EHGAXW,CUST-PZDYIP,17,Installation Delay,No,34,8
CUST-GPLIUH,CUST-NMCBYP,8,Installation Delay,Yes,34,8
CUST-XEECZ0,CUST-CKUFUI,55,Installation Delay,No,3,6
CUST-ADVARO,CUST-EQJHOG,38,Billing Issue,Yes,44,8
CUST-EAXNPE,CUST-KXTAXT,19,Customer Support Delay,Yes,19,9
CUST-JTZCEB,CUST-ELCLRI,39,Customer Support Delay,Yes,16,9
CUST-RJLXIH,CUST-ZZTIIZ,42,Slow Internet,Yes,35,9
CUST-YBZPCN,CUST-MENOFI,57,Slow Internet,Yes,11,6
CUST-VGUQCL,CUST-AHVOBJ,8,Slow Internet,No,13,6
CUST-UJAZFC,CUST-KLADFR,52,Service Outage,Yes,21,5
CUST-BIQSUT,CUST-HOXTLN,2,Billing Issue,No,22,8
CUST-STX0QH,CUST-PHACXM,22,Installation Delay,Yes,38,5
CUST-ASKRXU,CUST-ZJDBYL,47,Installation Delay,Yes,42,8
CUST-VVSTYE,CUST-DAYGHS,19,Slow Internet,Yes,42,6
CUST-WBERAW,CUST-NJT0FM,59,Slow Internet,Yes,32,7
CUST-YAXGRF,CUST-XGLJZB,27,Installation Delay,No,18,6
CUST-XVCGLM,CUST-UASKJU,45,Installation Delay,No,13,8
CUST-QIUWHX,CUST-KHUFYA,47,Slow Internet,Yes,5,5
CUST-GFTNJV,CUST-FXUNOJ,13,Slow Internet,Yes,42,5
CUST-IQKUNP,CUST-SXEAWW,35,Installation Delay,No,24,9
CUST-WKXJJJ,CUST-YGYKOL,51,Billing Issue,No,33,6
CUST-WUKPZM,CUST-XGLJZB,35,Customer Support Delay,Yes,10,9
CUST-ZLGWCD,CUST-PNEWRC,33,Slow Internet,Yes,15,8
CUST-ALVKGX,CUST-EPADZG,54,Installation Delay,No,17,6
CUST-CDHYNB,CUST-KEAAKC,8,Service Outage,No,32,8
CUST-FGEDM0,CUST-RIRDWS,33,Customer Support Delay,No,8,6
CUST-WPEYGF,CUST-ZSUIUF,52,Installation Delay,Yes,24,7
CUST-RBLPAN,CUST-ZSUIUF,8,Customer Support Delay,No,23,6
CUST-YXCMRO,CUST-ILFPOV,43,Installation Delay,No,17,5
CUST-AEUGRH,CUST-VCFIJY,12,Installation Delay,No,18,9
CUST-IHYCMA,CUST-YEMUOW,15,Installation Delay,Yes,7,6
CUST-TCLDWV,CUST-XWMM0V,24,Slow Internet,No,13,7
CUST-MAVFYI,CUST-QJFGMA,59,Slow Internet,Yes,27,5
CUST-RONIOI,CUST-ADHWDZ,6,Billing Issue,Yes,32,5
CUST-AHLUBQ,CUST-FYOLMT,39,Slow Internet,No,13,6
CUST-JEFRWG,CUST-CJMOTI,29,Installation Delay,No,21,7
CUST-NNKPHU,CUST-QMPXSA,49,Slow Internet,Yes,44,8
CUST-KTETHJ,CUST-ULONWZ,23,Billing Issue,Yes,25,7
CUST-LPXJQW,CUST-UUBKKI,3,Service Outage,Yes,32,6
CUST-NVAFRN,CUST-QNBFRZ,5,Slow Internet,Yes,11,7
CUST-IEEIYW,CUST-BFXGWJ,52,Customer Support Delay,No,17,9
CUST-NSWNLD,CUST-PRKQGZ,12,Billing Issue,No,31,5
CUST-ALRROG,CUST-YQHGMZ,2,Installation Delay,No,33,6
CUST-XFMOPB,CUST-ENWBIB,35,Billing Issue,Yes,19,6
CUST-PZEWNR,CUST-JEEFWV,11,Slow Internet,No,13,5
CUST-IGQDEJ,CUST-NN0SKV,43,Customer Support Delay,Yes,42,5
CUST-KUWFUQ,CUST-TZRLJT,48,Service Outage,Yes,8,8
CUST-QNEMDM,CUST-UZIWCW,13,Service Outage,Yes,1,8
CUST-UWYJIS,CUST-NGQYCB,11,Customer Support Delay,No,18,6
CUST-PENSUK,CUST-ADQUHG,25,Customer Support Delay,No,36,9
CUST-AQVHCX,CUST-MSPOOR,57,Billing Issue,No,2,7
CUST-SKOLIT,CUST-TKIFYH,25,Service Outage,No,20,9
CUST-TLUJWC,CUST-IJFSYZ,20,Installation Delay,No,28,8
CUST-0CWRYZ,CUST-FVWVBM,41,Billing Issue,Yes,18,5
CUST-DBNZLM,CUST-UDVHKX,27,Slow Internet,No,20,6
CUST-DMSACI,CUST-PQYLMJ,10,Customer Support Delay,No,39,6
CUST-VIABBK,CUST-VMJJZX,20,Installation Delay,No,39,6
CUST-CWDEAC,CUST-CFVZSV,3,Billing Issue,Yes,44,6
CUST-ABLRYV,CUST-GTAMDH,6,Service Outage,Yes,2,9
