Customer_ID,Name,Age,Street,City,State,Postal_Code,Phone_Number
CUST-EWLTWF,Customer_0,56,Ocean Drive 189,Riverside,TX,91962,+1-765-557-7254
CUST-QRWRCV,Customer_1,57,Main Street 108,Riverside,NY,43015,+1-606-593-4886
CUST-UAUBYI,Customer_2,70,Ocean Drive 38,Fairview,FL,67986,+1-846-846-9270
CUST-WINYRB,Customer_3,32,Highland Avenue 159,Riverside,NY,18001,+1-970-990-9652
CUST-TFEJMN,Customer_4,76,Highland Avenue 40,Fairview,TX,17037,+1-674-166-5609
CUST-POCNLO,Customer_5,64,Highland Avenue 48,Springfield,CA,54490,+1-347-944-2238
CUST-QZQZOE,Customer_6,34,Ocean Drive 178,Lakeview,FL,94897,+1-207-767-3035
CUST-PWHZRU,Customer_7,70,Sunset Boulevard 200,Lakeview,FL,34332,+1-207-686-1209
CUST-IIGGGS,Customer_8,60,Highland Avenue 86,Springfield,FL,68792,+1-674-269-8647
CUST-BBICOG,Customer_9,65,Sunset Boulevard 106,Riverside,TX,96562,+1-881-658-8518
CUST-JDQGZV,Customer_10,49,Baker Street 195,Greenville,CA,23028,+1-426-236-8214
CUST-HRDTDD,Customer_11,65,Sunset Boulevard 4,Riverside,NY,91851,+1-287-623-4584
CUST-MLJRYA,Customer_12,44,Sunset Boulevard 169,Fairview,IL,24133,+1-940-928-6320
CUST-WMGAAV,Customer_13,51,Main Street 181,Springfield,IL,30688,+1-652-599-6428
CUST-FUFQNG,Customer_14,72,Highland Avenue 124,Greenville,TX,64724,+1-967-790-7323
CUST-PZDYIP,Customer_15,65,Sunset Boulevard 48,Lakeview,TX,91363,+1-919-977-5185
CUST-TRMNQN,Customer_16,78,Ocean Drive 115,Greenville,IL,49836,+1-724-938-7620
CUST-CRFVZY,Customer_17,45,Main Street 144,Greenville,CA,93001,+1-596-422-9234
CUST-LULGYE,Customer_18,60,Main Street 142,Fairview,IL,53948,+1-459-797-9806
CUST-HCBSEU,Customer_19,21,Baker Street 156,Lakeview,NY,70625,+1-779-840-6346
CUST-JHXDLE,Customer_20,20,Ocean Drive 94,Greenville,CA,74313,+1-915-698-2359
CUST-TMWVFN,Customer_21,20,Highland Avenue 163,Springfield,IL,66010,+1-328-820-8673
CUST-NNCHDN,Customer_22,59,Sunset Boulevard 177,Greenville,CA,37198,+1-706-974-4242
CUST-IIGGGS,Customer_23,40,Highland Avenue 99,Springfield,FL,69892,+1-827-333-6223
CUST-RHAJJC,Customer_24,59,Highland Avenue 147,Lakeview,CA,53684,+1-944-756-8513
CUST-OXIJIF,Customer_25,72,Sunset Boulevard 194,Greenville,CA,75013,+1-828-341-4700
CUST-DUJYSF,Customer_26,29,Highland Avenue 44,Springfield,FL,99112,+1-584-858-1063
CUST-DNUNPV,Customer_27,28,Highland Avenue 103,Greenville,FL,16682,+1-290-269-8324
CUST-JWNZNG,Customer_28,37,Baker Street 20,Lakeview,IL,94977,+1-579-407-6319
CUST-FMVDWA,Customer_29,46,Sunset Boulevard 168,Lakeview,FL,27529,+1-335-817-4654
CUST-ODANJT,Customer_30,72,Ocean Drive 156,Greenville,NY,37614,+1-814-591-2965
CUST-OSXSKT,Customer_31,46,Main Street 177,Riverside,IL,54954,+1-651-320-8035
CUST-ROAVXZ,Customer_32,49,Highland Avenue 144,Greenville,CA,95644,+1-301-226-6178
CUST-JJVZUL,Customer_33,41,Sunset Boulevard 168,Greenville,TX,80619,+1-894-617-5783
CUST-TTKGFM,Customer_34,40,Baker Street 95,Springfield,IL,49025,+1-637-781-8736
CUST-OLTCJM,Customer_35,47,Main Street 142,Fairview,IL,18681,+1-621-142-9993
CUST-WPIIDZ,Customer_36,65,Baker Street 181,Springfield,IL,61257,+1-893-877-4506
CUST-OMKEIE,Customer_37,43,Highland Avenue 126,Riverside,FL,26923,+1-701-259-4159
CUST-JSJGDY,Customer_38,68,Main Street 23,Riverside,FL,21037,+1-529-924-8533
CUST-WPMJVW,Customer_39,29,Baker Street 83,Riverside,CA,93894,+1-492-822-7254
CUST-KUVKZ0,Customer_40,66,Sunset Boulevard 147,Fairview,IL,95451,+1-738-981-4523
CUST-BWRLAG,Customer_41,21,Sunset Boulevard 147,Fairview,FL,28698,+1-486-716-5061
CUST-VQNKAP,Customer_42,37,Main Street 76,Greenville,IL,51893,+1-458-311-5610
CUST-STTQFH,,67,Main Street 28,Lakeview,FL,96677,+1-717-609-8205
CUST-MBGHAU,Customer_44,79,Main Street 74,Greenville,IL,36581,+1-637-725-7053
CUST-LQZSUN,Customer_45,76,Highland Avenue 86,Fairview,CA,62370,+1-535-762-6358
CUST-RJLPNI,Customer_46,47,Main Street 145,Lakeview,NY,59755,+1-434-413-5211
CUST-ZGTQAF,Customer_47,24,Main Street 118,Greenville,TX,45168,+1-626-970-1580
CUST-YOIYXU,,24,Sunset Boulevard 125,Fairview,FL,92692,+1-360-205-7856
CUST-VVBPWB,Customer_49,74,Sunset Boulevard 186,Lakeview,TX,70842,+1-263-421-2730
CUST-GIOCRV,Customer_50,70,Ocean Drive 165,Lakeview,FL,25040,+1-425-138-9890
CUST-XJQCTZ,Customer_51,61,Ocean Drive 168,Fairview,IL,21616,+1-376-550-7954
CUST-JYJQLD,Customer_52,24,Baker Street 56,Fairview,NY,59835,+1-982-631-4495
CUST-ZZTIIZ,Customer_53,18,Sunset Boulevard 76,Fairview,CA,84261,+1-572-747-6001
CUST-XWELRG,Customer_54,56,Sunset Boulevard 178,Fairview,NY,88353,+1-677-910-1058
CUST-DMCCFV,Customer_55,31,Main Street 155,Fairview,CA,68962,+1-536-284-2256
CUST-KQQAJZ,Customer_56,54,Ocean Drive 155,Springfield,IL,48432,+1-669-367-1828
CUST-FTZKRZ,Customer_57,73,Baker Street 111,Fairview,TX,92263,+1-674-327-4631
CUST-CCXXDH,Customer_58,51,Ocean Drive 92,Lakeview,NY,66961,+1-583-158-1431
CUST-OFBBCO,Customer_59,45,Main Street 74,Riverside,CA,26967,+1-699-165-6422
CUST-DMNBQX,Customer_60,72,Main Street 152,Riverside,IL,63068,+1-845-625-7377
CUST-UWATBM,Customer_61,62,Highland Avenue 122,Fairview,IL,64955,+1-731-734-2357
CUST-LJANYG,Customer_62,38,Baker Street 98,Fairview,FL,22434,+1-690-764-8757
CUST-RIRDWS,Customer_63,70,Baker Street 150,Springfield,TX,72365,+1-824-677-3601
CUST-BPZUNC,Customer_64,61,Baker Street 146,Springfield,TX,29997,+1-442-942-1919
CUST-CVGDAK,Customer_65,61,Highland Avenue 146,Greenville,CA,64331,+1-670-139-7045
CUST-OJAJKO,Customer_66,69,Ocean Drive 179,Riverside,IL,25311,+1-727-910-4557
CUST-RRTFGE,Customer_67,77,Highland Avenue 63,Greenville,IL,29484,+1-287-142-9332
CUST-AXIFAK,Customer_68,33,Highland Avenue 149,Springfield,IL,89919,+1-395-712-3609
CUST-HBFRYF,Customer_69,33,Highland Avenue 36,Springfield,CA,31721,+1-861-806-4975
CUST-HSADJP,Customer_70,58,Sunset Boulevard 35,Greenville,FL,19076,+1-899-515-1248
CUST-XKDTLI,Customer_71,27,Ocean Drive 56,Fairview,NY,76142,+1-344-827-5024
CUST-USJIBJ,Customer_72,64,Sunset Boulevard 66,Greenville,FL,44401,+1-787-332-2357
CUST-PQYLMJ,Customer_73,5,Sunset Boulevard 1,Riverside,TX,90786,+1-229-141-9750
CUST-HKCYXU,Customer_74,41,Main Street 195,Greenville,IL,13453,+1-814-344-2560
CUST-OUJYUT,Customer_75,48,Highland Avenue 41,Greenville,TX,91339,+1-881-414-3490
CUST-ORFQMW,Customer_76,46,Main Street 59,Fairview,IL,49499,+1-438-211-7977
CUST-JRZRQJ,Customer_77,45,Baker Street 151,Riverside,NY,78806,+1-941-920-9996
CUST-VBJEJP,Customer_78,33,Highland Avenue 91,Greenville,CA,68437,+1-617-270-8704
CUST-EUIHOQ,Customer_79,69,Highland Avenue 140,Greenville,IL,27990,+1-822-177-6512
CUST-IJBRNL,Customer_80,37,Main Street 154,Springfield,IL,46794,+1-592-993-5357
CUST-FVYJPJ,Customer_81,74,Main Street 120,Lakeview,FL,29753,+1-731-177-9743
CUST-FVWVBM,Customer_82,39,Ocean Drive 46,Springfield,IL,83696,+1-499-182-3809
CUST-BSWULD,Customer_83,39,Ocean Drive 38,Riverside,NY,34895,+1-285-432-2849
CUST-DNVFKA,Customer_84,37,Main Street 63,Riverside,FL,24823,+1-663-342-9708
CUST-NHGHGL,Customer_85,50,Highland Avenue 110,Riverside,FL,89587,+1-270-495-1985
CUST-JYJQLD,Customer_86,66,Sunset Boulevard 96,Springfield,TX,38896,+1-870-460-1424
CUST-WGWTPW,Customer_87,65,Main Street 28,Greenville,FL,13037,+1-709-947-5238
CUST-BSIJPB,Customer_88,62,Highland Avenue 157,Lakeview,IL,88222,+1-388-945-3440
CUST-UGNXRG,Customer_89,18,Highland Avenue 105,Riverside,TX,67472,+1-713-516-4316
CUST-DHRXZG,Customer_90,54,Ocean Drive 188,Fairview,TX,81201,+1-924-463-6718
CUST-TURDGX,Customer_91,66,Ocean Drive 50,Greenville,FL,10020,+1-222-363-6855
CUST-XLRRUX,Customer_92,50,Sunset Boulevard 181,Lakeview,TX,96393,+1-290-348-3173
CUST-UFLWRT,Customer_93,79,Baker Street 154,Fairview,IL,78559,+1-572-751-1080
CUST-CTXUBV,Customer_94,36,Sunset Boulevard 79,Riverside,NY,15558,+1-961-743-8115
CUST-TNYLLI,Customer_95,57,Highland Avenue 53,Riverside,FL,10356,+1-284-681-8029
CUST-EZGXJU,Customer_96,75,Main Street 58,Fairview,NY,73115,+1-831-647-3881
CUST-SAUQNR,Customer_97,70,Highland Avenue 28,Fairview,TX,70668,+1-554-362-6216
CUST-LINGRN,Customer_98,61,Sunset Boulevard 160,Fairview,CA,92734,+1-907-786-7535
CUST-UDZBRN,Customer_99,32,Sunset Boulevard 165,Riverside,FL,23840,+1-286-285-9888
CUST-ZZFLFJ,,69,Highland Avenue 168,Fairview,CA,97308,+1-804-467-5697
CUST-JGCRVX,Customer_101,54,Highland Avenue 118,Greenville,NY,44356,+1-395-700-4941
CUST-IKOGFN,Customer_102,75,Highland Avenue 55,Lakeview,TX,92618,+1-576-932-7079
CUST-AHVOBJ,Customer_103,33,Baker Street 62,Riverside,TX,63903,+1-684-822-4905
CUST-OCDINL,Customer_104,67,Ocean Drive 196,Greenville,IL,64440,+1-495-886-7339
CUST-ZJDBYL,Customer_105,30,Sunset Boulevard 76,Fairview,NY,19224,+1-503-295-8130
CUST-KWCSBX,Customer_106,63,Sunset Boulevard 21,Riverside,IL,80461,+1-381-787-8892
CUST-KFDXIB,Customer_107,26,Baker Street 42,Springfield,IL,25250,+1-950-972-3392
CUST-FYOLMT,Customer_108,75,Main Street 111,Greenville,IL,60473,+1-859-517-4864
CUST-QDCGMD,Customer_109,57,Highland Avenue 134,Riverside,TX,60282,+1-550-823-3768
CUST-EITLJY,Customer_110,38,Baker Street 134,Riverside,CA,20038,+1-773-493-5304
CUST-ULONWZ,Customer_111,36,Highland Avenue 157,Fairview,CA,53393,+1-882-447-7134
CUST-NBXRAA,Customer_112,76,Baker Street 40,Greenville,CA,57397,+1-712-228-1644
CUST-FWYGPK,Customer_113,28,Baker Street 19,Lakeview,FL,70075,+1-203-456-2934
CUST-EXHGCU,Customer_114,44,Ocean Drive 52,Fairview,CA,13506,+1-288-261-1911
CUST-JWRVMF,,77,Highland Avenue 46,Riverside,NY,19320,+1-567-766-8075
CUST-RDLGMG,Customer_116,56,Baker Street 149,Springfield,CA,75947,+1-559-864-3242
CUST-LVKJTS,Customer_117,75,Highland Avenue 190,Fairview,TX,82397,+1-903-260-6527
CUST-EKQUIY,Customer_118,57,Main Street 45,Springfield,FL,84520,+1-870-531-3468
CUST-IDXVPY,Customer_119,76,Ocean Drive 106,Springfield,NY,51057,+1-807-259-2589
CUST-GKHFIY,Customer_120,21,Baker Street 99,Fairview,NY,13263,+1-762-842-3277
CUST-GBSGJO,Customer_121,42,Ocean Drive 170,Greenville,CA,39671,+1-861-612-1659
CUST-FUCXZL,Customer_122,40,Ocean Drive 50,Riverside,CA,60187,+1-937-391-2957
CUST-PHTXOR,Customer_123,46,Highland Avenue 135,Greenville,IL,74669,+1-968-608-9217
CUST-HSGFSU,Customer_124,21,Main Street 121,Riverside,TX,32796,+1-347-354-3979
CUST-NYC0TR,Customer_125,48,Ocean Drive 28,Greenville,CA,98787,+1-898-629-4548
CUST-GLXSEC,Customer_126,50,Sunset Boulevard 186,Springfield,NY,19194,+1-381-190-4627
CUST-CMWKPV,Customer_127,39,Main Street 132,Fairview,NY,18235,+1-477-495-1405
CUST-JOAPXU,Customer_128,71,Baker Street 159,Greenville,IL,43578,+1-249-805-4319
CUST-DTXMMO,Customer_129,48,Sunset Boulevard 175,Greenville,TX,75842,+1-435-599-3110
CUST-IYVAZU,Customer_130,56,Baker Street 29,Lakeview,CA,86360,+1-503-199-6726
CUST-WGQLZM,Customer_131,69,Highland Avenue 176,Riverside,CA,33127,+1-632-787-7188
CUST-QCTBWO,Customer_132,76,Main Street 166,Lakeview,TX,60153,+1-619-243-3113
CUST-EPMJJZ,Customer_133,22,Sunset Boulevard 1,Greenville,IL,26604,+1-739-246-4506
CUST-STDAQT,Customer_134,21,Ocean Drive 179,Riverside,NY,44497,+1-847-740-6124
CUST-VMJJZX,Customer_135,51,Main Street 115,Fairview,NY,64050,+1-798-370-1840
CUST-LBNHLM,Customer_136,40,Highland Avenue 84,Riverside,NY,91860,+1-706-922-6347
CUST-QMPXSA,Customer_137,25,Main Street 7,Springfield,NY,65146,+1-501-145-5558
CUST-CDPKUQ,Customer_138,28,Baker Street 114,Greenville,FL,75974,+1-447-562-2948
CUST-KIJSVR,Customer_139,49,Baker Street 150,Riverside,TX,33637,+1-527-869-6916
CUST-ETTPKF,Customer_140,18,Main Street 108,Greenville,CA,87996,+1-715-795-7422
CUST-NAHFVZ,Customer_141,66,Sunset Boulevard 127,Springfield,NY,60224,+1-666-993-5400
CUST-DIMBOY,Customer_142,63,Highland Avenue 172,Springfield,FL,44862,+1-227-520-6398
CUST-IBOXFG,Customer_143,79,Baker Street 34,Lakeview,IL,86154,+1-943-988-1073
CUST-UCHEID,Customer_144,70,Ocean Drive 124,Fairview,CA,55266,+1-765-358-8994
CUST-RIMHKL,Customer_145,41,Ocean Drive 89,Greenville,CA,96226,+1-739-647-2853
CUST-EQLGQQ,Customer_146,50,Main Street 163,Springfield,IL,46401,+1-568-371-4376
CUST-AMKBQV,Customer_147,44,Baker Street 24,Fairview,TX,49337,+1-656-738-1608
CUST-RWVLPD,Customer_148,49,Baker Street 127,Springfield,TX,91454,+1-783-205-8177
CUST-NUSPZU,Customer_149,47,Baker Street 149,Greenville,TX,18138,+1-619-966-6043
CUST-HSXXPH,Customer_150,53,Highland Avenue 41,Greenville,CA,78802,+1-255-287-5677
CUST-CWWMCC,Customer_151,46,Baker Street 151,Greenville,FL,59546,+1-951-791-8818
CUST-CRSLQM,Customer_152,67,Sunset Boulevard 53,Springfield,TX,41320,+1-570-108-6284
CUST-ZSOHLI,Customer_153,65,Baker Street 88,Springfield,FL,18488,+1-852-805-8722
CUST-YFARJC,Customer_154,53,Main Street 200,Greenville,CA,61200,+1-381-272-7253
CUST-FDMBYM,Customer_155,49,Highland Avenue 22,Greenville,NY,20829,+1-962-693-6113
CUST-UNYUIR,Customer_156,26,Highland Avenue 18,Springfield,IL,82834,+1-810-799-3396
CUST-PSHGCM,Customer_157,58,Highland Avenue 83,Lakeview,NY,15822,+1-694-806-8706
CUST-IRRRJG,Customer_158,35,Sunset Boulevard 136,Riverside,CA,89301,+1-815-708-9751
CUST-SGHWPM,Customer_159,72,Main Street 140,Greenville,CA,35501,+1-409-906-1356
CUST-HRPIY0,Customer_160,68,Main Street 113,Fairview,NY,10921,+1-624-942-6900
CUST-DYHJGD,Customer_161,42,Main Street 31,Fairview,FL,15501,+1-602-507-6123
CUST-DVXILJ,Customer_162,41,Highland Avenue 74,Springfield,TX,25981,+1-716-879-6300
CUST-WQXANU,Customer_163,77,Baker Street 91,Greenville,FL,66521,+1-767-258-8700
CUST-QXPWZY,Customer_164,77,Highland Avenue 67,Springfield,TX,46945,+1-390-826-3474
CUST-PGJYWE,Customer_165,58,Ocean Drive 49,Greenville,IL,54057,+1-659-165-1660
CUST-ZIBSVG,Customer_166,45,Highland Avenue 9,Greenville,CA,30612,+1-593-550-3974
CUST-NBXRAA,Customer_167,53,Ocean Drive 11,Riverside,IL,48958,+1-668-823-6378
CUST-XOODPV,Customer_168,64,Sunset Boulevard 123,Springfield,NY,52935,+1-693-366-5155
CUST-BSLHFL,Customer_169,73,Highland Avenue 114,Riverside,TX,29818,+1-953-499-4795
CUST-EFWEPI,Customer_170,27,Highland Avenue 24,Fairview,CA,66548,+1-879-584-9567
CUST-FNKEIJ,Customer_171,78,Sunset Boulevard 196,Springfield,IL,43442,+1-385-133-1864
CUST-XEAWHV,Customer_172,40,Highland Avenue 107,Greenville,IL,83112,+1-631-772-1454
CUST-RCZDAC,,36,Ocean Drive 171,Lakeview,IL,11178,+1-673-381-9780
CUST-AIWEGH,Customer_174,72,Main Street 113,Lakeview,NY,22047,+1-717-749-5727
CUST-ELCLRI,Customer_175,36,Ocean Drive 28,Lakeview,NY,59466,+1-364-192-5530
CUST-BTMEKA,Customer_176,28,Ocean Drive 178,Greenville,IL,98794,+1-422-424-7127
CUST-SZGPAO,Customer_177,60,Main Street 9,Springfield,TX,32312,+1-518-657-9626
CUST-GKDBUO,Customer_178,45,Sunset Boulevard 88,Lakeview,FL,92165,+1-261-778-4863
CUST-CQHVME,Customer_179,67,Highland Avenue 53,Springfield,NY,74386,+1-915-417-7177
CUST-ADHWDZ,Customer_180,51,Highland Avenue 178,Riverside,IL,42014,+1-822-428-3802
CUST-TKIFYH,Customer_181,22,Sunset Boulevard 35,Springfield,IL,91245,+1-753-656-3656
CUST-URVTRD,Customer_182,42,Sunset Boulevard 58,Fairview,CA,64481,+1-551-956-9461
CUST-WTDDJW,Customer_183,26,Ocean Drive 181,Fairview,IL,79312,+1-388-527-3500
CUST-YELJLD,Customer_184,18,Main Street 183,Lakeview,IL,47703,+1-566-264-6786
CUST-MDBFBA,Customer_185,32,Baker Street 6,Lakeview,CA,34861,+1-482-790-4506
CUST-DWERGD,Customer_186,44,Highland Avenue 136,Springfield,TX,58435,+1-898-831-6923
CUST-TTDVWW,Customer_187,49,Main Street 15,Lakeview,FL,43934,+1-694-448-9378
CUST-QXIZDZ,Customer_188,54,Ocean Drive 68,Lakeview,IL,84514,+1-782-437-9577
CUST-JUWXSS,Customer_189,54,Highland Avenue 187,Fairview,CA,26515,+1-276-367-6994
CUST-INFMRL,Customer_190,57,Main Street 108,Fairview,NY,72656,+1-357-715-4979
CUST-GCWPHU,Customer_191,67,Highland Avenue 193,Lakeview,IL,23487,+1-484-131-8250
CUST-GDLSKA,Customer_192,72,Sunset Boulevard 125,Springfield,NY,20253,+1-430-779-9242
CUST-IJJTON,Customer_193,32,Highland Avenue 198,Lakeview,CA,53895,+1-412-788-5710
CUST-ZLTATA,Customer_194,58,Highland Avenue 133,Lakeview,NY,76305,+1-311-797-7106
CUST-DNSXFW,Customer_195,59,Baker Street 162,Lakeview,IL,41956,+1-301-737-4821
CUST-YOXXWE,Customer_196,49,Ocean Drive 187,Springfield,NY,69690,+1-565-958-3768
CUST-SCFWBC,Customer_197,80,Sunset Boulevard 112,Springfield,FL,58716,+1-866-763-5110
CUST-DHEZEA,Customer_198,49,Main Street 89,Springfield,FL,90046,+1-210-403-7046
CUST-UWYPVM,Customer_199,76,Sunset Boulevard 32,Lakeview,FL,60334,+1-875-984-1112
CUST-XWMM0V,,48,Ocean Drive 113,Riverside,NY,95204,+1-983-148-1475
CUST-QHTKHY,Customer_201,46,Ocean Drive 7,Springfield,TX,71103,+1-205-100-8595
CUST-NJT0FM,Customer_202,44,Ocean Drive 38,Lakeview,TX,31933,+1-336-436-5219
CUST-IJFSYZ,Customer_203,25,Main Street 189,Fairview,CA,75557,+1-819-619-9961
CUST-MDOVEB,Customer_204,61,Main Street 127,Riverside,FL,67954,+1-501-981-2903
CUST-YYTWPG,Customer_205,70,Highland Avenue 116,Riverside,IL,49570,+1-582-916-5280
CUST-VQRRGY,Customer_206,55,Highland Avenue 182,Lakeview,CA,31586,+1-354-485-9529
CUST-LUATLF,Customer_207,56,Sunset Boulevard 70,Springfield,FL,27563,+1-704-350-5289
CUST-OWLTEN,Customer_208,23,Sunset Boulevard 106,Lakeview,IL,55413,+1-734-706-8841
CUST-VYRHRH,Customer_209,47,Sunset Boulevard 66,Lakeview,IL,47654,+1-453-763-4898
CUST-SRCUIL,Customer_210,42,Baker Street 44,Fairview,FL,37850,+1-413-182-4188
CUST-UXWZYZ,Customer_211,42,Ocean Drive 94,Riverside,CA,53715,+1-939-390-7528
CUST-ISBGAR,Customer_212,27,Highland Avenue 184,Springfield,IL,18846,+1-513-256-4884
CUST-QWBXEZ,Customer_213,50,Ocean Drive 149,Riverside,FL,34761,+1-473-875-6583
CUST-MDWCMT,Customer_214,75,Highland Avenue 5,Springfield,CA,12793,+1-583-744-7909
CUST-RWUAHN,Customer_215,33,Highland Avenue 71,Greenville,FL,49238,+1-426-649-1194
CUST-KCZCVK,Customer_216,67,Highland Avenue 32,Greenville,TX,21749,+1-534-297-4145
CUST-GUKNBS,,20,Main Street 199,Greenville,CA,18226,+1-705-567-6584
CUST-XYKLRW,Customer_218,5,Highland Avenue 18,Lakeview,NY,56207,+1-568-833-2564
CUST-OYIYZE,Customer_219,76,Sunset Boulevard 129,Greenville,TX,28419,+1-516-315-8058
CUST-UFYIJD,Customer_220,65,Main Street 197,Springfield,FL,90346,+1-652-346-9872
CUST-ILOYXD,Customer_221,22,Ocean Drive 172,Lakeview,NY,48103,+1-319-118-9550
CUST-VIQSLN,Customer_222,25,Main Street 71,Lakeview,NY,53179,+1-615-126-3870
CUST-ZQZPBR,Customer_223,31,Highland Avenue 148,Greenville,CA,34387,+1-748-288-5253
CUST-PINVPR,Customer_224,50,Highland Avenue 97,Fairview,IL,47622,+1-619-669-2947
CUST-QUAITW,Customer_225,51,Sunset Boulevard 120,Greenville,CA,92893,+1-703-153-4126
CUST-RJJVTW,Customer_226,46,Sunset Boulevard 101,Greenville,TX,24950,+1-740-676-2333
CUST-AXWNZB,Customer_227,55,Highland Avenue 150,Riverside,NY,29085,+1-298-582-3212
CUST-YEMUOW,Customer_228,28,Baker Street 105,Fairview,CA,24427,+1-824-916-5501
CUST-NEXGPL,Customer_229,38,Main Street 93,Fairview,CA,31532,+1-403-617-4595
CUST-MENOFI,Customer_230,46,Highland Avenue 8,Lakeview,CA,57381,+1-888-969-7148
CUST-RPNFKT,Customer_231,36,Sunset Boulevard 170,Greenville,FL,55261,+1-310-400-2374
CUST-WCPNGF,Customer_232,18,Highland Avenue 125,Lakeview,FL,94003,+1-414-704-7004
CUST-UEDGVO,Customer_233,28,Sunset Boulevard 130,Greenville,FL,52513,+1-876-948-7505
CUST-PYFUDX,Customer_234,59,Main Street 131,Lakeview,IL,60632,+1-246-356-8824
CUST-ESLFDX,Customer_235,5,Main Street 69,Greenville,CA,48071,+1-649-603-3274
CUST-ZELJWU,Customer_236,69,Sunset Boulevard 143,Greenville,CA,35697,+1-893-761-3424
CUST-YPMPDM,Customer_237,54,Main Street 45,Greenville,TX,96544,+1-412-428-2179
CUST-KKAKWK,Customer_238,46,Main Street 197,Greenville,CA,45471,+1-406-807-5373
CUST-WCVKWI,Customer_239,20,Baker Street 73,Fairview,CA,67485,+1-619-736-2263
CUST-ZMBPFR,Customer_240,23,Highland Avenue 2,Lakeview,CA,41749,+1-924-620-9570
CUST-XSJAAL,Customer_241,5,Ocean Drive 159,Fairview,NY,69824,+1-373-198-6069
CUST-KFIHPO,Customer_242,35,Highland Avenue 23,Lakeview,FL,46911,+1-408-217-7383
CUST-KDYFRH,Customer_243,44,Sunset Boulevard 181,Fairview,TX,95762,+1-594-326-7238
CUST-XJFNAV,Customer_244,64,Main Street 82,Lakeview,NY,91148,+1-980-859-3935
CUST-KLRPTR,Customer_245,37,Sunset Boulevard 65,Riverside,NY,55548,+1-502-307-7258
CUST-FCGIRG,Customer_246,61,Highland Avenue 71,Lakeview,CA,68404,+1-959-555-6021
CUST-TIUERI,Customer_247,76,Highland Avenue 55,Fairview,FL,27764,+1-496-178-1186
CUST-NWAMPW,Customer_248,36,Main Street 98,Greenville,TX,97759,+1-708-912-1489
CUST-THSYAW,Customer_249,38,Ocean Drive 91,Riverside,CA,56014,+1-905-692-8823
CUST-MJUYZV,Customer_250,75,Highland Avenue 153,Fairview,IL,67055,+1-613-692-1603
CUST-TEJLCA,Customer_251,62,Baker Street 186,Lakeview,CA,88442,+1-373-879-6377
CUST-RJDCOJ,Customer_252,24,Sunset Boulevard 59,Fairview,IL,73330,+1-837-566-8842
CUST-DVMWBU,Customer_253,50,Main Street 136,Riverside,NY,69475,+1-276-904-2268
CUST-REXUMR,Customer_254,65,Baker Street 194,Lakeview,IL,66878,+1-986-360-6030
CUST-AMQYVU,Customer_255,77,Sunset Boulevard 93,Riverside,IL,97467,+1-596-778-2419
CUST-JMZPOZ,Customer_256,69,Baker Street 38,Lakeview,IL,24512,+1-997-763-7485
CUST-EQKLUA,Customer_257,38,Baker Street 126,Riverside,FL,62159,+1-273-654-5896
CUST-MHATCF,Customer_258,63,Main Street 31,Fairview,CA,76278,+1-548-436-6782
CUST-DVYQGK,Customer_259,76,Sunset Boulevard 97,Fairview,FL,70800,+1-840-109-7384
CUST-JXAFMH,Customer_260,35,Ocean Drive 5,Lakeview,IL,40505,+1-538-161-3372
CUST-TMBFJM,Customer_261,52,Main Street 58,Lakeview,TX,88002,+1-401-102-9323
CUST-DCEHRQ,,77,Sunset Boulevard 151,Lakeview,NY,31910,+1-906-880-4842
CUST-XFGPVB,Customer_263,44,Highland Avenue 182,Fairview,FL,51289,+1-998-264-9526
CUST-KZCKQZ,Customer_264,25,Baker Street 26,Springfield,FL,42224,+1-605-678-5391
CUST-SCKXVX,Customer_265,50,Ocean Drive 37,Fairview,TX,25931,+1-210-728-5914
CUST-DPCBFN,Customer_266,25,Highland Avenue 112,Greenville,CA,72745,+1-361-451-1465
CUST-YPD0A0,Customer_267,50,Main Street 29,Lakeview,IL,53064,+1-493-307-9935
CUST-SOXWMJ,Customer_268,58,Ocean Drive 79,Lakeview,IL,80802,+1-627-760-4420
CUST-QXQMUP,Customer_269,19,Sunset Boulevard 177,Greenville,NY,41098,+1-654-692-4675
CUST-RBSQJY,Customer_270,27,Highland Avenue 124,Riverside,NY,58377,+1-355-922-2200
CUST-CSQPSW,Customer_271,45,Baker Street 85,Riverside,FL,34298,+1-698-492-9081
CUST-WHAKCY,Customer_272,20,Main Street 21,Fairview,TX,75336,+1-282-365-3557
CUST-SGSTOO,Customer_273,34,Sunset Boulevard 15,Fairview,TX,12438,+1-922-565-5657
CUST-YQHGMZ,Customer_274,22,Sunset Boulevard 94,Riverside,NY,52017,+1-688-381-1977
CUST-BFXGWJ,,48,Baker Street 151,Fairview,CA,27506,+1-325-426-2874
CUST-MJAYVB,Customer_276,34,Sunset Boulevard 101,Fairview,CA,43249,+1-448-348-9884
CUST-KTETHC,Customer_277,43,Sunset Boulevard 108,Fairview,IL,20255,+1-727-902-1151
CUST-BRPKNI,Customer_278,75,Baker Street 40,Lakeview,IL,58922,+1-864-698-5150
CUST-NQIVTC,Customer_279,70,Ocean Drive 181,Riverside,CA,83914,+1-347-856-2412
CUST-KQPISI,Customer_280,42,Sunset Boulevard 42,Springfield,TX,22490,+1-859-228-4747
CUST-ROSFWM,Customer_281,28,Ocean Drive 4,Fairview,TX,85425,+1-275-385-1259
CUST-CJGEMY,Customer_282,78,Ocean Drive 119,Riverside,TX,91983,+1-430-161-2572
CUST-QIEVZO,Customer_283,45,Highland Avenue 149,Springfield,IL,68493,+1-855-119-8283
CUST-KHFNCO,Customer_284,28,Highland Avenue 36,Riverside,NY,57087,+1-444-718-6534
CUST-QFONIS,,23,Ocean Drive 194,Fairview,IL,23549,+1-518-438-6469
CUST-BIGEIS,,69,Ocean Drive 115,Fairview,CA,33913,+1-241-838-9259
CUST-YPDYNA,Customer_287,37,Main Street 89,Fairview,CA,78171,+1-527-527-2475
CUST-CTECGK,Customer_288,56,Sunset Boulevard 131,Fairview,NY,99225,+1-310-897-2906
CUST-ISEQUK,Customer_289,38,Sunset Boulevard 19,Riverside,IL,63868,+1-779-522-4500
CUST-SMGBOF,Customer_290,49,Main Street 90,Greenville,CA,69191,+1-662-572-3180
CUST-KXTAXT,Customer_291,52,Ocean Drive 3,Springfield,CA,71422,+1-945-955-6274
CUST-XYWSFR,Customer_292,120,Sunset Boulevard 22,Springfield,NY,53120,+1-966-611-9280
CUST-WFFDVN,Customer_293,58,Ocean Drive 176,Springfield,IL,66549,+1-297-659-6267
CUST-LRUTQF,Customer_294,50,Highland Avenue 25,Springfield,IL,45380,+1-865-412-3654
CUST-XZQGXK,Customer_295,21,Baker Street 24,Greenville,TX,99814,+1-496-927-3118
CUST-NEXGPL,Customer_296,28,Ocean Drive 20,Lakeview,CA,25288,+1-615-578-9283
CUST-MPGQMJ,Customer_297,66,Highland Avenue 132,Riverside,IL,54620,+1-343-336-1562
CUST-KNYRYH,Customer_298,42,Main Street 143,Springfield,FL,46083,+1-657-972-1183
CUST-QCQHAY,Customer_299,58,Main Street 117,Lakeview,NY,94929,+1-883-128-5253
CUST-DQFNYS,Customer_300,30,Ocean Drive 46,Riverside,FL,56892,+1-237-732-6147
CUST-TFYDJK,Customer_301,27,Sunset Boulevard 149,Lakeview,TX,59632,+1-854-392-8939
CUST-TROHDX,Customer_302,52,Sunset Boulevard 45,Greenville,IL,57303,+1-323-362-7433
CUST-SDHFZM,Customer_303,47,Sunset Boulevard 65,Riverside,TX,93860,+1-551-317-8833
CUST-WTWNVL,Customer_304,58,Highland Avenue 200,Lakeview,IL,32553,+1-490-964-5160
CUST-MAKZJQ,Customer_305,44,Highland Avenue 47,Riverside,FL,85117,+1-894-897-9817
CUST-XOHLVD,Customer_306,42,Main Street 129,Springfield,TX,63517,+1-633-648-2982
CUST-HNQVTK,Customer_307,66,Main Street 22,Springfield,IL,54633,+1-218-108-4965
CUST-TCORWE,Customer_308,55,Ocean Drive 171,Lakeview,IL,80041,+1-585-822-3799
CUST-KEAAKC,Customer_309,24,Ocean Drive 8,Greenville,NY,51358,+1-765-192-8209
CUST-OKIAWP,Customer_310,58,Baker Street 39,Greenville,CA,44755,+1-803-344-9941
CUST-PDVTVV,Customer_311,77,Highland Avenue 181,Greenville,CA,40319,+1-619-495-9067
CUST-FTCASX,Customer_312,41,Baker Street 8,Riverside,TX,68873,+1-710-847-5337
CUST-RKAYXK,Customer_313,18,Baker Street 9,Greenville,IL,53365,+1-915-829-2997
CUST-YFFCIN,Customer_314,45,Main Street 185,Greenville,CA,92452,+1-801-268-5149
CUST-QIBPYP,Customer_315,38,Highland Avenue 80,Fairview,FL,43526,+1-341-543-6977
CUST-FTCNKG,Customer_316,61,Main Street 18,Riverside,TX,78930,+1-326-428-2038
CUST-DINJBI,Customer_317,70,Highland Avenue 57,Fairview,TX,45171,+1-605-246-9308
CUST-RCJTGQ,Customer_318,79,Main Street 173,Greenville,FL,75658,+1-260-206-8307
CUST-EOUSHW,Customer_319,24,Highland Avenue 116,Fairview,IL,61439,+1-666-461-6687
CUST-DVQIAF,Customer_320,5,Main Street 149,Lakeview,NY,95661,+1-388-823-7119
CUST-DQACYF,Customer_321,57,Baker Street 172,Riverside,FL,45815,+1-840-103-5061
CUST-QZAVXJ,Customer_322,33,Sunset Boulevard 192,Fairview,FL,88353,+1-773-426-5350
CUST-HTIFEB,Customer_323,55,Ocean Drive 128,Lakeview,FL,49033,+1-440-603-8860
CUST-RPKSUW,Customer_324,65,Baker Street 117,Greenville,NY,81749,+1-913-371-6199
CUST-APYJNO,Customer_325,25,Baker Street 14,Greenville,NY,42565,+1-987-587-7564
CUST-ZVMXKM,Customer_326,65,Main Street 69,Greenville,NY,54546,+1-859-675-2386
CUST-ATHDUR,Customer_327,20,Baker Street 164,Fairview,FL,56524,+1-722-381-2432
CUST-GHSVBI,Customer_328,18,Main Street 35,Greenville,NY,20239,+1-704-938-2135
CUST-LFECGL,Customer_329,25,Baker Street 109,Greenville,FL,19706,+1-368-669-6704
CUST-HJFYNA,Customer_330,78,Highland Avenue 186,Greenville,FL,30511,+1-700-506-9474
CUST-GDWMSG,Customer_331,65,Highland Avenue 53,Lakeview,IL,26951,+1-420-840-4253
CUST-JKPWPE,Customer_332,33,Sunset Boulevard 155,Fairview,NY,38362,+1-668-748-9114
CUST-QFCYNY,Customer_333,20,Main Street 5,Fairview,CA,98370,+1-329-262-4423
CUST-YHYXMT,Customer_334,18,Baker Street 61,Springfield,CA,48480,+1-342-379-6917
CUST-ITBWFB,Customer_335,58,Ocean Drive 178,Springfield,FL,79802,+1-673-378-4273
CUST-DKUZEJ,Customer_336,62,Sunset Boulevard 28,Fairview,TX,39510,+1-438-416-1643
CUST-XRANNB,Customer_337,78,Main Street 65,Fairview,NY,63774,+1-633-124-4013
CUST-RHXYTK,Customer_338,47,Sunset Boulevard 65,Greenville,NY,49700,+1-788-828-1670
CUST-WRYLAD,Customer_339,74,Main Street 175,Riverside,FL,96429,+1-639-202-2000
CUST-SGLXKI,Customer_340,49,Main Street 5,Greenville,TX,65181,+1-699-506-8548
CUST-WWMUHA,Customer_341,53,Highland Avenue 194,Greenville,TX,97040,+1-703-581-5231
CUST-KFUHKG,Customer_342,30,Highland Avenue 74,Greenville,TX,99124,+1-953-722-2187
CUST-SEXCVQ,Customer_343,59,Highland Avenue 111,Lakeview,CA,54420,+1-812-650-3715
CUST-JLSIJN,Customer_344,49,Sunset Boulevard 122,Lakeview,NY,23177,+1-747-915-2700
CUST-GTAOTB,Customer_345,53,Baker Street 163,Fairview,CA,11189,+1-350-541-1279
CUST-YDPRKI,Customer_346,27,Ocean Drive 37,Riverside,FL,31977,+1-970-229-1090
CUST-MGGOBL,Customer_347,73,Highland Avenue 141,Fairview,CA,39454,+1-739-576-8912
CUST-ELEFHO,Customer_348,22,Ocean Drive 45,Riverside,CA,57577,+1-440-774-1957
CUST-ODKJCE,Customer_349,21,Ocean Drive 19,Greenville,NY,71411,+1-783-140-6965
CUST-QOAAJH,Customer_350,53,Main Street 186,Fairview,NY,54223,+1-990-507-5282
CUST-NEVUGZ,Customer_351,28,Highland Avenue 61,Greenville,TX,76348,+1-600-434-2065
CUST-MSPOOR,Customer_352,75,Highland Avenue 86,Greenville,IL,65313,+1-626-776-1492
CUST-HLJBYT,Customer_353,26,Baker Street 168,Fairview,IL,37669,+1-731-500-4212
CUST-QNSNOK,Customer_354,76,Highland Avenue 33,Springfield,IL,76897,+1-360-923-2696
CUST-ATTQVZ,Customer_355,71,Ocean Drive 141,Riverside,TX,64317,+1-497-741-6269
CUST-YZVAVE,,32,Ocean Drive 24,Riverside,TX,72167,+1-742-667-2350
CUST-FXVKSO,Customer_357,38,Highland Avenue 141,Fairview,TX,85985,+1-356-181-9052
CUST-LWKEWF,Customer_358,59,Sunset Boulevard 188,Springfield,IL,36957,+1-826-441-2217
CUST-VDOXYT,Customer_359,66,Ocean Drive 24,Fairview,FL,32927,+1-315-382-6331
CUST-CQCPSK,Customer_360,77,Highland Avenue 17,Lakeview,NY,11511,+1-252-491-3833
CUST-NPBE0V,Customer_361,44,Ocean Drive 34,Fairview,TX,86285,+1-574-196-9292
CUST-LSBRRB,Customer_362,39,Baker Street 5,Greenville,NY,47439,+1-842-189-7314
CUST-YPLHYT,Customer_363,55,Baker Street 162,Greenville,NY,99407,+1-317-175-1208
CUST-ACWNBB,Customer_364,48,Baker Street 136,Lakeview,TX,71728,+1-789-398-2158
CUST-SHFFFI,Customer_365,38,Sunset Boulevard 29,Lakeview,IL,56240,+1-798-360-7218
CUST-ZPEKAH,Customer_366,26,Highland Avenue 28,Greenville,CA,15233,+1-507-343-3261
CUST-ZUCXJW,Customer_367,24,Sunset Boulevard 72,Lakeview,NY,61106,+1-842-732-8628
CUST-BDBPAG,Customer_368,47,Main Street 102,Greenville,FL,47526,+1-819-788-2742
CUST-AQOPNN,Customer_369,45,Highland Avenue 79,Lakeview,TX,76161,+1-990-860-6776
CUST-BFRQNA,Customer_370,19,Ocean Drive 73,Lakeview,FL,96612,+1-486-693-5782
CUST-UUCHGJ,Customer_371,41,Main Street 98,Riverside,NY,26581,+1-346-672-2703
CUST-LBLNML,Customer_372,73,Sunset Boulevard 147,Lakeview,NY,12465,+1-451-699-5942
CUST-MWOBDC,Customer_373,75,Sunset Boulevard 45,Springfield,IL,70795,+1-248-190-7668
CUST-JVXCRF,Customer_374,59,Sunset Boulevard 47,Fairview,CA,94364,+1-399-767-6463
CUST-TWRMNI,Customer_375,74,Sunset Boulevard 195,Riverside,TX,82200,+1-736-701-9767
CUST-UHVSCI,Customer_376,54,Baker Street 26,Springfield,CA,91778,+1-357-571-2026
CUST-UMDOZP,Customer_377,38,Ocean Drive 150,Greenville,FL,69115,+1-367-658-5808
CUST-JJUYUI,Customer_378,76,Sunset Boulevard 168,Fairview,NY,84300,+1-268-444-3915
CUST-MVCMGU,Customer_379,65,Baker Street 200,Greenville,FL,66649,+1-455-903-3392
CUST-HWYVNL,Customer_380,50,Baker Street 23,Fairview,TX,53124,+1-723-488-4036
CUST-ZCZTOI,Customer_381,35,Ocean Drive 151,Riverside,FL,51305,+1-756-494-8194
CUST-PIMZWH,Customer_382,45,Baker Street 6,Springfield,FL,78417,+1-281-604-7938
CUST-OILAIL,Customer_383,64,Sunset Boulevard 192,Springfield,TX,55064,+1-808-313-5169
CUST-CRVNWM,Customer_384,20,Sunset Boulevard 104,Riverside,CA,53776,+1-600-952-4710
CUST-ILFPOV,Customer_385,73,Sunset Boulevard 146,Fairview,NY,15490,+1-576-729-9585
CUST-QDCALK,Customer_386,21,Ocean Drive 170,Riverside,TX,73216,+1-626-847-3309
CUST-FESPPP,Customer_387,52,Sunset Boulevard 83,Riverside,CA,36312,+1-494-539-1623
CUST-DEIEWN,Customer_388,33,Baker Street 2,Lakeview,NY,93371,+1-726-385-8793
CUST-OAEFXF,Customer_389,34,Sunset Boulevard 101,Springfield,TX,30044,+1-673-261-1500
CUST-JCBFHS,Customer_390,27,Highland Avenue 120,Fairview,IL,95345,+1-544-305-3007
CUST-SIYGPD,Customer_391,41,Highland Avenue 115,Lakeview,IL,41051,+1-750-592-9420
CUST-XHZIWL,Customer_392,28,Main Street 45,Greenville,TX,39678,+1-964-101-7614
CUST-PGBSBX,Customer_393,52,Baker Street 79,Lakeview,NY,39284,+1-961-916-5253
CUST-FSQAXB,Customer_394,55,Ocean Drive 117,Greenville,IL,32555,+1-753-206-5159
CUST-OCTWMB,Customer_395,55,Main Street 28,Riverside,TX,17561,+1-602-191-1915
CUST-SYEZYZ,Customer_396,53,Ocean Drive 143,Fairview,NY,93096,+1-559-347-2738
CUST-GBHHNI,Customer_397,49,Sunset Boulevard 37,Greenville,FL,80545,+1-958-555-5974
CUST-VZTDYT,Customer_398,27,Main Street 21,Lakeview,NY,27334,+1-223-127-1882
CUST-DCBCIF,Customer_399,26,Main Street 178,Lakeview,FL,42671,+1-463-484-2358
CUST-FOUQHK,Customer_400,57,Sunset Boulevard 107,Riverside,TX,14687,+1-512-559-4618
CUST-CILAPX,Customer_401,37,Highland Avenue 8,Greenville,CA,83737,+1-561-772-3848
CUST-EBUYOF,Customer_402,40,Main Street 189,Springfield,FL,44967,+1-236-492-9204
CUST-XXPAKC,Customer_403,38,Ocean Drive 197,Greenville,TX,66544,+1-452-658-9602
CUST-EWSUXM,Customer_404,39,Ocean Drive 59,Fairview,FL,98805,+1-489-737-1897
CUST-ZRGZTN,Customer_405,79,Highland Avenue 153,Springfield,IL,20117,+1-249-390-7176
CUST-SJRGJJ,Customer_406,41,Main Street 198,Fairview,TX,24763,+1-891-653-7425
CUST-MVGFEH,Customer_407,74,Highland Avenue 116,Fairview,CA,90215,+1-243-564-7845
CUST-TKOEMB,Customer_408,63,Baker Street 161,Greenville,IL,30777,+1-837-864-2428
CUST-WCQNMN,Customer_409,44,Ocean Drive 1,Riverside,IL,89117,+1-894-955-9768
CUST-IETYRQ,Customer_410,35,Main Street 133,Greenville,IL,39835,+1-249-395-8002
CUST-GHYSTV,Customer_411,47,Main Street 89,Lakeview,TX,23318,+1-357-721-6501
CUST-NOSGJS,Customer_412,41,Baker Street 90,Greenville,TX,99073,+1-906-211-8720
CUST-CKUFUI,Customer_413,62,Baker Street 122,Fairview,CA,91581,+1-528-884-3993
CUST-VDWKDI,Customer_414,61,Ocean Drive 64,Lakeview,IL,95778,+1-654-178-6286
CUST-ZKGLOG,Customer_415,37,Sunset Boulevard 70,Fairview,NY,29260,+1-250-947-3396
CUST-DGYZFL,Customer_416,40,Baker Street 121,Lakeview,TX,33621,+1-759-519-3932
CUST-YAFHFQ,Customer_417,39,Main Street 166,Riverside,FL,64254,+1-345-816-8228
CUST-NYJGMM,Customer_418,80,Ocean Drive 72,Riverside,CA,95583,+1-528-698-6500
CUST-ZMLJSQ,Customer_419,63,Main Street 53,Lakeview,NY,77248,+1-567-751-6181
CUST-LFYSRB,Customer_420,78,Main Street 4,Fairview,CA,28663,+1-238-271-9514
CUST-JTIHIY,Customer_421,51,Main Street 82,Fairview,FL,90827,+1-604-805-7807
CUST-XTFQME,Customer_422,45,Highland Avenue 168,Greenville,TX,99822,+1-303-104-7209
CUST-MRGRGJ,Customer_423,73,Highland Avenue 196,Fairview,NY,39307,+1-361-710-9900
CUST-NRPKKI,Customer_424,29,Sunset Boulevard 139,Springfield,NY,69269,+1-959-304-7397
CUST-VGFPDL,Customer_425,22,Highland Avenue 31,Riverside,CA,11694,+1-463-476-1446
CUST-GOAGQW,Customer_426,47,Ocean Drive 58,Riverside,NY,14197,+1-434-718-8759
CUST-GOHDBW,Customer_427,64,Main Street 187,Fairview,CA,96919,+1-759-536-8334
CUST-AEAJZH,Customer_428,49,Sunset Boulevard 183,Lakeview,IL,90871,+1-611-723-8179
CUST-OOEKPO,Customer_429,53,Baker Street 93,Riverside,IL,27826,+1-929-203-6420
CUST-IGIBJW,Customer_430,73,Highland Avenue 186,Greenville,FL,72379,+1-906-617-9449
CUST-BQKAUT,Customer_431,36,Sunset Boulevard 33,Springfield,NY,42190,+1-485-694-9725
CUST-JOEAVK,Customer_432,52,Sunset Boulevard 69,Fairview,IL,24186,+1-564-869-7188
CUST-BIVXZS,Customer_433,59,Main Street 62,Springfield,TX,17740,+1-615-206-6509
CUST-UHMZOE,Customer_434,57,Sunset Boulevard 25,Greenville,FL,22760,+1-595-641-5777
CUST-QFCPBF,Customer_435,25,Baker Street 183,Lakeview,NY,14568,+1-932-109-1057
CUST-LRQNCG,Customer_436,27,Main Street 99,Lakeview,NY,69351,+1-760-398-6461
CUST-LVVBXE,Customer_437,65,Sunset Boulevard 137,Riverside,NY,43738,+1-498-537-1094
CUST-GXVXFY,Customer_438,47,Highland Avenue 110,Fairview,FL,92838,+1-980-951-2285
CUST-XWHKUJ,Customer_439,54,Ocean Drive 27,Fairview,CA,58775,+1-381-914-6627
CUST-BVHVQR,Customer_440,42,Sunset Boulevard 122,Fairview,CA,36012,+1-258-230-5956
CUST-QVJCQL,Customer_441,29,Highland Avenue 15,Greenville,FL,92145,+1-916-664-4335
CUST-WRUGMI,Customer_442,50,Highland Avenue 10,Fairview,FL,88417,+1-344-319-3554
CUST-GPJBJX,Customer_443,57,Main Street 84,Springfield,TX,63702,+1-708-271-4963
CUST-EWKIHB,Customer_444,30,Main Street 72,Greenville,FL,47836,+1-733-400-4229
CUST-XXVULS,Customer_445,68,Main Street 44,Fairview,IL,26249,+1-351-451-4413
CUST-RPBXIF,Customer_446,21,Sunset Boulevard 75,Greenville,TX,94031,+1-764-315-7833
CUST-LTDW0G,Customer_447,53,Sunset Boulevard 25,Greenville,FL,80005,+1-256-965-7979
CUST-AXUZAC,Customer_448,35,Ocean Drive 38,Lakeview,CA,79336,+1-813-740-1466
CUST-HTXTFQ,Customer_449,52,Highland Avenue 70,Springfield,NY,55078,+1-486-413-6059
CUST-YCNWDU,Customer_450,28,Ocean Drive 59,Riverside,TX,56314,+1-925-532-2974
CUST-TEHYLZ,Customer_451,75,Main Street 31,Lakeview,FL,79378,+1-362-182-5352
CUST-LGEKUC,Customer_452,73,Baker Street 173,Greenville,FL,30820,+1-559-338-7281
CUST-TYKDYX,Customer_453,59,Main Street 159,Springfield,IL,42449,+1-400-789-2632
CUST-AUVAWV,Customer_454,31,Ocean Drive 151,Greenville,FL,96422,+1-867-623-7256
CUST-ORAMDR,Customer_455,41,Baker Street 157,Greenville,NY,74679,+1-281-153-1346
CUST-RNGPDK,Customer_456,26,Baker Street 68,Fairview,NY,89808,+1-812-306-1045
CUST-PRKQGZ,Customer_457,73,Sunset Boulevard 10,Greenville,NY,81471,+1-444-730-9853
CUST-CMYCTP,Customer_458,28,Highland Avenue 109,Greenville,NY,75136,+1-552-744-4315
CUST-RHGBEG,Customer_459,69,Ocean Drive 95,Riverside,CA,87724,+1-286-306-3754
CUST-VCNOZG,Customer_460,71,Highland Avenue 194,Riverside,FL,87533,+1-768-257-1204
CUST-MKPEIH,Customer_461,22,Highland Avenue 168,Lakeview,FL,35397,+1-428-410-9946
CUST-IIXSHB,Customer_462,46,Sunset Boulevard 55,Greenville,FL,87945,+1-773-175-4771
CUST-KQJJQD,Customer_463,59,Main Street 98,Fairview,IL,64056,+1-301-877-4563
CUST-RAYJ0S,Customer_464,58,Highland Avenue 86,Springfield,CA,64620,+1-729-633-3119
CUST-QHIKHK,Customer_465,62,Ocean Drive 142,Riverside,TX,94885,+1-909-604-6712
CUST-COTGVV,Customer_466,65,Highland Avenue 181,Springfield,FL,37983,+1-625-636-8404
CUST-MLCHWG,Customer_467,46,Baker Street 108,Greenville,FL,67307,+1-669-195-2538
CUST-VMZNVC,Customer_468,69,Baker Street 121,Springfield,FL,60578,+1-684-238-4081
CUST-NFAULM,Customer_469,67,Main Street 79,Lakeview,FL,89655,+1-622-241-9839
CUST-FRIDUZ,Customer_470,67,Ocean Drive 25,Springfield,NY,39178,+1-337-856-8839
CUST-CUDCQE,Customer_471,22,Baker Street 54,Springfield,NY,59587,+1-612-731-4787
CUST-IGRLGZ,Customer_472,37,Baker Street 82,Fairview,FL,54086,+1-993-283-6007
CUST-FJCOQA,Customer_473,60,Baker Street 3,Riverside,IL,88906,+1-546-231-1660
CUST-AGCDWV,,72,Baker Street 154,Lakeview,FL,89029,+1-602-904-6948
CUST-CWTLNC,Customer_475,21,Main Street 192,Lakeview,TX,53133,+1-348-623-2855
CUST-ONUWIW,Customer_476,68,Ocean Drive 161,Riverside,TX,91269,+1-360-115-2977
CUST-NCHBBP,Customer_477,25,Main Street 200,Lakeview,CA,34976,+1-888-160-4372
CUST-UGYEEN,Customer_478,45,Main Street 21,Greenville,FL,43912,+1-616-491-5038
CUST-YUBLAQ,Customer_479,50,Ocean Drive 1,Lakeview,IL,43105,+1-517-966-6275
CUST-GUOXOW,Customer_480,34,Baker Street 52,Lakeview,NY,85320,+1-806-392-6823
CUST-OOEKPO,Customer_481,45,Ocean Drive 41,Lakeview,IL,80384,+1-894-259-4712
CUST-ADQUHG,Customer_482,64,Sunset Boulevard 46,Greenville,FL,97515,+1-944-522-4512
CUST-NPUITQ,Customer_483,29,Baker Street 93,Riverside,NY,91393,+1-704-205-4042
CUST-YIIUJR,Customer_484,80,Main Street 21,Lakeview,TX,54515,+1-425-348-6458
CUST-ISBIX0,Customer_485,34,Ocean Drive 190,Riverside,TX,89427,+1-478-837-4703
CUST-BUBJHF,Customer_486,53,Main Street 82,Greenville,CA,29418,+1-914-672-2607
CUST-RUEBNC,Customer_487,32,Sunset Boulevard 178,Springfield,NY,65799,+1-362-886-2255
CUST-IHRANO,Customer_488,49,Highland Avenue 86,Lakeview,FL,43731,+1-980-438-5106
CUST-PUTJMU,Customer_489,19,Highland Avenue 163,Springfield,FL,64440,+1-676-877-8962
CUST-IBSMEN,Customer_490,53,Highland Avenue 37,Riverside,CA,41808,+1-331-658-7771
CUST-YZABGU,Customer_491,26,Ocean Drive 23,Greenville,TX,61854,+1-754-590-1944
CUST-JNDCYO,Customer_492,77,Main Street 51,Greenville,NY,30546,+1-495-122-7356
CUST-ZQNUDE,Customer_493,44,Ocean Drive 91,Springfield,IL,57792,+1-812-414-5233
CUST-CEHZBV,Customer_494,26,Highland Avenue 58,Fairview,IL,25344,+1-755-463-2191
CUST-GHPFOA,Customer_495,65,Baker Street 17,Riverside,TX,14509,+1-814-634-5002
CUST-VCFIJY,Customer_496,38,Highland Avenue 179,Lakeview,CA,82635,+1-352-255-7869
CUST-YGYKOL,Customer_497,52,Sunset Boulevard 193,Fairview,CA,87994,+1-512-651-1850
CUST-DMDCMY,Customer_498,75,Main Street 187,Greenville,IL,75297,+1-998-614-1413
CUST-PANJSA,Customer_499,41,Sunset Boulevard 195,Lakeview,NY,86666,+1-736-237-3152
CUST-HYEQJW,Customer_500,40,Highland Avenue 15,Greenville,NY,81000,+1-914-850-7186
CUST-ALLCPB,Customer_501,74,Highland Avenue 73,Fairview,NY,42091,+1-691-521-6917
CUST-PWTTWE,Customer_502,20,Baker Street 21,Greenville,NY,42807,+1-844-496-4371
CUST-BJJXIS,Customer_503,58,Highland Avenue 136,Springfield,TX,96680,+1-415-876-4925
CUST-HRYFVC,Customer_504,71,Ocean Drive 22,Springfield,CA,99362,+1-605-268-9448
CUST-TIWDVV,Customer_505,26,Ocean Drive 130,Lakeview,NY,97506,+1-860-700-7268
CUST-PSNQAF,Customer_506,58,Highland Avenue 113,Riverside,IL,58134,+1-290-875-6290
CUST-PBYTWS,Customer_507,35,Main Street 190,Fairview,NY,69699,+1-607-628-4327
CUST-BCCMTX,Customer_508,78,Highland Avenue 143,Springfield,IL,86072,+1-548-405-1793
CUST-ERWGBE,Customer_509,64,Ocean Drive 200,Springfield,NY,10478,+1-483-306-9516
CUST-SRKLWS,Customer_510,80,Highland Avenue 42,Riverside,FL,73259,+1-461-783-6715
CUST-DMCXTO,Customer_511,74,Main Street 151,Riverside,IL,58864,+1-595-506-9624
CUST-TOBSZI,Customer_512,51,Main Street 121,Fairview,TX,89652,+1-708-497-3250
CUST-GZKUYR,Customer_513,30,Ocean Drive 55,Springfield,FL,34370,+1-705-565-1720
CUST-HQTMNF,Customer_514,21,Main Street 48,Fairview,CA,61498,+1-807-306-9880
CUST-KHJWOK,Customer_515,58,Main Street 51,Riverside,FL,41666,+1-202-708-1855
CUST-EXEPUG,Customer_516,46,Baker Street 183,Greenville,IL,27971,+1-799-586-8209
CUST-QCESUJ,Customer_517,69,Ocean Drive 64,Springfield,FL,41593,+1-544-412-2223
CUST-WTEGFQ,Customer_518,66,Baker Street 190,Riverside,CA,86523,+1-218-779-1305
CUST-VYAAJB,Customer_519,32,Highland Avenue 36,Fairview,CA,30006,+1-232-265-1223
CUST-YGSALK,Customer_520,44,Sunset Boulevard 135,Greenville,FL,45598,+1-417-238-6390
CUST-GVSCAA,Customer_521,22,Sunset Boulevard 194,Fairview,NY,44021,+1-340-632-8322
CUST-RXSBMI,Customer_522,33,Highland Avenue 90,Springfield,TX,80366,+1-631-261-3662
CUST-ZSUIUF,Customer_523,36,Baker Street 185,Lakeview,CA,22465,+1-337-121-5999
CUST-WHYQJQ,Customer_524,64,Main Street 19,Lakeview,NY,85816,+1-381-100-1374
CUST-KKKPVV,Customer_525,47,Sunset Boulevard 23,Fairview,NY,19978,+1-789-608-4958
CUST-VZVPBN,Customer_526,75,Baker Street 114,Riverside,IL,73862,+1-310-987-2035
CUST-RNJKQJ,Customer_527,46,Main Street 101,Fairview,CA,25225,+1-303-438-9503
CUST-TIEYQZ,Customer_528,78,Ocean Drive 69,Lakeview,NY,78388,+1-405-793-1310
CUST-UQRMEL,Customer_529,19,Baker Street 156,Riverside,FL,25904,+1-713-388-4820
CUST-VYLDOZ,Customer_530,54,Ocean Drive 176,Riverside,FL,87817,+1-419-846-4132
CUST-AGWDZW,Customer_531,64,Highland Avenue 41,Fairview,FL,92402,+1-924-201-7451
CUST-LMOAQJ,Customer_532,78,Main Street 154,Lakeview,FL,74849,+1-955-794-5282
CUST-YEDYUG,Customer_533,49,Sunset Boulevard 98,Fairview,CA,97562,+1-231-127-7537
CUST-MGPXOM,Customer_534,33,Sunset Boulevard 13,Fairview,CA,79160,+1-778-617-5138
CUST-RJMTCH,Customer_535,37,Sunset Boulevard 141,Riverside,NY,70921,+1-292-379-7250
CUST-HQBOSX,Customer_536,60,Main Street 127,Riverside,IL,96593,+1-939-440-7664
CUST-INYAMS,Customer_537,41,Ocean Drive 184,Fairview,IL,66633,+1-621-872-8921
CUST-ZNYCRP,Customer_538,74,Baker Street 196,Springfield,NY,28482,+1-640-570-9177
CUST-SYASAA,Customer_539,68,Sunset Boulevard 200,Lakeview,IL,56916,+1-594-340-6022
CUST-MDBLHX,Customer_540,69,Baker Street 114,Fairview,CA,40055,+1-692-833-9942
CUST-XYJAEZ,Customer_541,33,Main Street 186,Lakeview,CA,69507,+1-554-645-7388
CUST-KJWNWH,Customer_542,50,Ocean Drive 20,Fairview,TX,23599,+1-670-321-3643
CUST-UQWBIQ,Customer_543,70,Ocean Drive 125,Greenville,CA,44297,+1-554-342-5317
CUST-VPVGLU,Customer_544,40,Highland Avenue 47,Springfield,IL,53934,+1-557-955-5842
CUST-CFVZSV,Customer_545,66,Main Street 106,Riverside,CA,65129,+1-460-930-2340
CUST-EYOSLA,Customer_546,80,Ocean Drive 117,Riverside,NY,93012,+1-587-579-3174
CUST-TUQHIJ,Customer_547,42,Main Street 167,Greenville,FL,47620,+1-816-632-8455
CUST-WPPPZN,Customer_548,36,Highland Avenue 141,Riverside,CA,21914,+1-592-258-9201
CUST-PXVDRY,Customer_549,38,Sunset Boulevard 81,Fairview,CA,21363,+1-946-630-6063
CUST-YQQUYZ,Customer_550,58,Ocean Drive 7,Springfield,CA,89113,+1-441-386-5707
CUST-ENIBRB,Customer_551,26,Main Street 133,Springfield,CA,83981,+1-352-923-6911
CUST-HAFUDN,Customer_552,26,Main Street 86,Fairview,IL,55717,+1-342-934-8151
CUST-RAZOOK,Customer_553,30,Ocean Drive 70,Lakeview,IL,13312,+1-930-334-8485
CUST-UEGKDS,Customer_554,73,Ocean Drive 156,Lakeview,TX,23801,+1-751-327-7695
CUST-TXHODE,Customer_555,25,Baker Street 108,Springfield,IL,79793,+1-739-539-9143
CUST-ZTUMEZ,Customer_556,49,Highland Avenue 45,Lakeview,NY,68340,+1-408-842-6581
CUST-UUBKKI,Customer_557,64,Main Street 178,Fairview,TX,57351,+1-201-875-6306
CUST-NWAOGK,Customer_558,35,Ocean Drive 93,Greenville,TX,46109,+1-382-721-1045
CUST-SDMHQJ,Customer_559,66,Ocean Drive 126,Springfield,IL,77726,+1-276-696-8067
CUST-MQFIYA,Customer_560,49,Baker Street 131,Lakeview,NY,12193,+1-771-851-7391
CUST-UDVHKX,Customer_561,29,Highland Avenue 149,Riverside,TX,47287,+1-231-509-6723
CUST-BPHUUC,Customer_562,31,Main Street 20,Fairview,TX,73305,+1-328-917-1332
CUST-0LCNRL,Customer_563,69,Ocean Drive 41,Riverside,FL,22090,+1-290-207-5244
CUST-ZWFYMS,Customer_564,66,Highland Avenue 166,Greenville,TX,70141,+1-379-808-6335
CUST-CEJXCG,Customer_565,25,Baker Street 98,Springfield,IL,54610,+1-905-566-3724
CUST-MBGHKK,Customer_566,80,Sunset Boulevard 200,Fairview,IL,31569,+1-304-690-4026
CUST-CKBQPP,Customer_567,31,Highland Avenue 109,Lakeview,IL,66666,+1-364-753-6446
CUST-NSHHOL,Customer_568,24,Highland Avenue 17,Springfield,CA,57999,+1-267-486-8054
CUST-KWZYMD,Customer_569,55,Main Street 91,Greenville,FL,10671,+1-450-875-6506
CUST-N0U0PZ,Customer_570,68,Baker Street 5,Springfield,NY,71430,+1-568-575-9716
CUST-PXTESN,Customer_571,21,Main Street 120,Springfield,FL,82012,+1-568-799-4907
CUST-LUNGKE,Customer_572,54,Sunset Boulevard 125,Springfield,FL,77416,+1-753-408-5166
CUST-MZAUJF,Customer_573,64,Sunset Boulevard 132,Springfield,NY,58806,+1-919-134-9855
CUST-QJFGMA,Customer_574,22,Highland Avenue 124,Springfield,IL,67902,+1-312-185-2312
CUST-YMRJRL,Customer_575,57,Sunset Boulevard 28,Springfield,CA,49569,+1-451-161-1454
CUST-GSMMUO,Customer_576,70,Sunset Boulevard 31,Fairview,TX,79760,+1-949-303-3264
CUST-JEEFWV,Customer_577,52,Sunset Boulevard 170,Greenville,IL,32063,+1-938-563-5126
CUST-CXRNKY,Customer_578,47,Sunset Boulevard 165,Greenville,IL,71510,+1-535-756-1097
CUST-BDCVYC,Customer_579,77,Baker Street 99,Greenville,IL,26762,+1-720-603-6293
CUST-IXUGVN,Customer_580,66,Sunset Boulevard 79,Riverside,TX,33837,+1-815-109-7850
CUST-TKCMRC,Customer_581,19,Highland Avenue 87,Fairview,FL,37095,+1-322-893-4446
CUST-DWIFBM,Customer_582,43,Ocean Drive 77,Greenville,FL,77379,+1-775-830-7953
CUST-YIOQIB,Customer_583,54,Sunset Boulevard 135,Riverside,IL,26196,+1-488-334-5907
CUST-XKXLFE,Customer_584,64,Main Street 176,Lakeview,NY,49653,+1-378-896-6676
CUST-VLZJLO,Customer_585,56,Baker Street 94,Fairview,FL,27780,+1-347-716-7958
CUST-KXPYKC,Customer_586,34,Sunset Boulevard 169,Lakeview,NY,96064,+1-588-601-3653
CUST-RLQHAT,Customer_587,43,Main Street 163,Greenville,CA,28043,+1-619-981-4117
CUST-WWEDDL,Customer_588,68,Main Street 153,Lakeview,IL,72748,+1-365-269-4935
CUST-DRJAHY,Customer_589,27,Highland Avenue 145,Fairview,NY,76833,+1-224-873-7153
CUST-IVMZMZ,Customer_590,39,Sunset Boulevard 161,Springfield,NY,18344,+1-253-903-6449
CUST-BZIYUX,Customer_591,21,Main Street 147,Riverside,IL,54879,+1-498-770-6003
CUST-NEHKHX,Customer_592,79,Ocean Drive 10,Greenville,TX,38882,+1-525-517-9221
CUST-KODHFY,Customer_593,5,Ocean Drive 135,Greenville,TX,20640,+1-403-377-2596
CUST-FNLMSC,Customer_594,46,Highland Avenue 14,Springfield,CA,13175,+1-476-283-1897
CUST-GDNVQW,Customer_595,27,Highland Avenue 170,Greenville,NY,75110,+1-481-140-4533
CUST-ASZDCH,Customer_596,46,Main Street 131,Springfield,TX,27885,+1-986-607-9812
CUST-CCUHQB,Customer_597,79,Baker Street 155,Riverside,TX,13280,+1-822-516-7791
CUST-NPNXUR,Customer_598,35,Sunset Boulevard 60,Lakeview,TX,27358,+1-971-391-8112
CUST-XICFAO,Customer_599,57,Highland Avenue 133,Riverside,TX,30335,+1-996-567-6654
CUST-OZLJLY,Customer_600,74,Sunset Boulevard 151,Springfield,IL,43472,+1-727-959-1742
CUST-VRZQZI,Customer_601,39,Main Street 132,Greenville,NY,11941,+1-401-618-7885
CUST-LZVNVQ,Customer_602,72,Main Street 169,Springfield,CA,43886,+1-366-375-9605
CUST-TACBZC,Customer_603,42,Ocean Drive 172,Lakeview,TX,89452,+1-577-497-5881
CUST-CHWYPJ,Customer_604,56,Sunset Boulevard 165,Greenville,FL,85744,+1-432-362-8245
CUST-YUVQYY,Customer_605,29,Sunset Boulevard 89,Springfield,NY,63906,+1-826-164-9230
CUST-CJEXHT,Customer_606,59,Main Street 140,Greenville,CA,84844,+1-989-111-3428
CUST-VHGQYQ,Customer_607,38,Sunset Boulevard 45,Springfield,FL,89532,+1-772-603-9738
CUST-QTBDQU,Customer_608,35,Highland Avenue 78,Fairview,TX,47482,+1-200-456-6977
CUST-SXQGJD,Customer_609,64,Ocean Drive 102,Fairview,NY,53424,+1-919-153-4520
CUST-EEBGRX,Customer_610,67,Baker Street 193,Greenville,FL,45864,+1-662-148-2274
CUST-VJ0FMC,Customer_611,41,Highland Avenue 170,Greenville,CA,18033,+1-399-820-2341
CUST-JOSRNO,Customer_612,68,Ocean Drive 138,Greenville,TX,51440,+1-623-981-9469
CUST-WCWODX,Customer_613,65,Baker Street 179,Lakeview,NY,50674,+1-838-779-7024
CUST-OEUUYQ,Customer_614,45,Baker Street 199,Riverside,FL,38806,+1-747-958-9826
CUST-VXSLVB,Customer_615,63,Baker Street 120,Riverside,CA,31809,+1-899-391-3409
CUST-YAHBTE,Customer_616,64,Ocean Drive 60,Springfield,TX,21922,+1-857-968-2524
CUST-PKJHHR,Customer_617,35,Main Street 200,Springfield,IL,45416,+1-411-604-3039
CUST-AQOYXD,Customer_618,45,Ocean Drive 73,Riverside,IL,68658,+1-229-706-3882
CUST-MDZUYJ,Customer_619,76,Highland Avenue 178,Fairview,IL,10882,+1-537-996-6848
CUST-SNEUBT,Customer_620,47,Main Street 79,Fairview,FL,75723,+1-272-158-3091
CUST-JTIFFT,Customer_621,28,Baker Street 138,Fairview,NY,36444,+1-635-114-8400
CUST-TXHODE,Customer_622,20,Ocean Drive 57,Springfield,NY,13566,+1-443-246-5157
CUST-FGNEUF,Customer_623,56,Sunset Boulevard 199,Springfield,IL,83843,+1-457-502-6610
CUST-QTNQOI,Customer_624,25,Baker Street 54,Greenville,TX,84145,+1-376-951-7252
CUST-CWKDCJ,Customer_625,58,Baker Street 55,Springfield,CA,20615,+1-312-659-6415
CUST-YXXOBB,Customer_626,33,Sunset Boulevard 64,Riverside,CA,52152,+1-536-319-9885
CUST-KDMJDZ,Customer_627,78,Highland Avenue 39,Springfield,NY,83882,+1-449-424-1302
CUST-FRAXZS,Customer_628,51,Highland Avenue 86,Lakeview,CA,35484,+1-522-468-1318
CUST-DPOYIH,Customer_629,39,Highland Avenue 114,Lakeview,TX,98901,+1-546-394-8313
CUST-HUZNHA,Customer_630,74,Highland Avenue 71,Springfield,CA,50563,+1-319-429-9338
CUST-ZUTXEA,Customer_631,76,Baker Street 62,Riverside,CA,37311,+1-892-545-1606
CUST-GNUXTC,Customer_632,74,Sunset Boulevard 31,Riverside,TX,94580,+1-611-183-9209
CUST-JQNFGV,Customer_633,75,Highland Avenue 136,Springfield,CA,41658,+1-817-302-6554
CUST-QEZCVV,Customer_634,39,Main Street 32,Greenville,NY,67824,+1-813-918-8592
CUST-HPIPIB,Customer_635,39,Sunset Boulevard 104,Greenville,IL,68544,+1-871-899-3645
CUST-GCQQPC,Customer_636,52,Baker Street 135,Lakeview,NY,94187,+1-606-221-4638
CUST-OVZMXB,Customer_637,49,Baker Street 39,Lakeview,TX,46411,+1-852-367-7024
CUST-OHMWPS,Customer_638,78,Ocean Drive 27,Greenville,NY,98301,+1-293-284-6066
CUST-NIMLZA,Customer_639,21,Sunset Boulevard 62,Riverside,TX,14671,+1-318-953-4449
CUST-MYHYST,Customer_640,77,Baker Street 131,Riverside,NY,53053,+1-408-244-9021
CUST-QZGIRM,Customer_641,39,Ocean Drive 3,Riverside,CA,10521,+1-442-960-2431
CUST-WKKHJY,Customer_642,79,Sunset Boulevard 99,Lakeview,CA,42719,+1-519-885-3362
CUST-COZPTL,Customer_643,20,Baker Street 86,Fairview,IL,95850,+1-532-259-2904
CUST-FXLDEC,Customer_644,76,Sunset Boulevard 10,Riverside,IL,94690,+1-305-639-6237
CUST-BFFQDK,Customer_645,46,Baker Street 94,Fairview,CA,28484,+1-288-440-2901
CUST-WKBGEE,Customer_646,58,Ocean Drive 82,Fairview,TX,68417,+1-708-316-8047
CUST-JQABOT,Customer_647,40,Main Street 199,Lakeview,IL,67851,+1-515-935-2288
CUST-QJXXNX,Customer_648,26,Highland Avenue 129,Greenville,CA,89337,+1-977-702-9086
CUST-MOAAHY,Customer_649,41,Main Street 194,Riverside,NY,92237,+1-210-150-3019
CUST-YLHFJB,Customer_650,66,Main Street 43,Riverside,FL,72987,+1-789-807-1455
CUST-VMKQGG,Customer_651,62,Baker Street 41,Springfield,CA,50404,+1-717-677-2224
CUST-VSVZTH,Customer_652,72,Baker Street 111,Fairview,TX,13729,+1-267-240-6643
CUST-OHJLIZ,Customer_653,61,Ocean Drive 27,Fairview,CA,42271,+1-988-581-2637
CUST-SATIHH,Customer_654,25,Baker Street 154,Greenville,IL,20847,+1-581-958-5600
CUST-BXADMI,Customer_655,76,Main Street 183,Riverside,FL,18738,+1-984-217-5036
CUST-PZGBXB,Customer_656,46,Highland Avenue 96,Springfield,FL,83223,+1-861-181-9396
CUST-JEIILL,Customer_657,58,Baker Street 164,Greenville,NY,83912,+1-300-307-6367
CUST-GLBAGE,Customer_658,58,Main Street 68,Lakeview,IL,51375,+1-933-560-1831
CUST-LLKCBY,Customer_659,48,Ocean Drive 129,Lakeview,NY,42385,+1-578-824-7758
CUST-IDVYOK,Customer_660,49,Highland Avenue 110,Greenville,CA,65028,+1-253-678-3880
CUST-WEOLWV,,78,Sunset Boulevard 108,Lakeview,FL,48467,+1-707-943-7422
CUST-0PS0NU,Customer_662,33,Highland Avenue 125,Springfield,NY,94436,+1-587-192-8606
CUST-GXRFRI,Customer_663,43,Highland Avenue 69,Fairview,CA,54147,+1-202-839-4516
CUST-LNBTBO,Customer_664,40,Baker Street 11,Fairview,TX,58964,+1-838-840-2088
CUST-QFWMFF,Customer_665,70,Ocean Drive 120,Springfield,TX,18913,+1-378-755-9131
CUST-XLMHAO,Customer_666,47,Main Street 85,Riverside,NY,32946,+1-639-298-7705
CUST-KHSMPZ,Customer_667,77,Main Street 11,Springfield,IL,84800,+1-336-946-7241
CUST-ULOWJA,Customer_668,62,Sunset Boulevard 119,Fairview,IL,95469,+1-696-340-8416
CUST-IOWJHS,Customer_669,26,Baker Street 26,Greenville,FL,24019,+1-516-216-6506
CUST-PFSMEZ,Customer_670,46,Baker Street 67,Riverside,FL,78339,+1-703-246-3295
CUST-AFQHWQ,Customer_671,36,Baker Street 40,Springfield,FL,93430,+1-461-140-4028
CUST-MRJNDQ,Customer_672,58,Main Street 114,Lakeview,NY,47725,+1-257-785-6661
CUST-SSUBQM,Customer_673,22,Sunset Boulevard 23,Riverside,IL,35981,+1-661-538-4603
CUST-GWVHTV,Customer_674,63,Ocean Drive 198,Greenville,FL,56662,+1-826-277-3470
CUST-BZVZZQ,Customer_675,36,Ocean Drive 153,Riverside,TX,93428,+1-796-811-7006
CUST-MIAKEC,Customer_676,67,Main Street 100,Fairview,IL,68342,+1-997-737-2798
CUST-ICILUO,Customer_677,67,Main Street 165,Fairview,FL,98230,+1-260-807-7106
CUST-P000QT,Customer_678,61,Ocean Drive 48,Greenville,IL,43494,+1-623-299-9089
CUST-UZHYCU,Customer_679,49,Ocean Drive 160,Lakeview,IL,87066,+1-356-284-4643
CUST-XWBVKL,Customer_680,58,Main Street 191,Riverside,NY,76565,+1-492-318-6204
CUST-BDMIRC,Customer_681,59,Highland Avenue 50,Fairview,IL,69692,+1-706-256-6152
CUST-GQFWOI,Customer_682,75,Main Street 17,Springfield,NY,17957,+1-720-562-3482
CUST-SGYQGR,Customer_683,49,Ocean Drive 161,Greenville,CA,73346,+1-860-144-2677
CUST-EQJHOG,Customer_684,33,Highland Avenue 189,Springfield,NY,80814,+1-264-205-1146
CUST-NRBIXS,Customer_685,53,Sunset Boulevard 17,Riverside,CA,52430,+1-821-225-2758
CUST-TYEIMG,Customer_686,56,Baker Street 184,Springfield,IL,39010,+1-975-433-8500
CUST-WAIULK,Customer_687,65,Sunset Boulevard 8,Riverside,FL,81247,+1-204-769-2296
CUST-KLQSAJ,Customer_688,38,Main Street 185,Springfield,TX,98407,+1-289-340-1864
CUST-XGLJZB,Customer_689,58,Ocean Drive 10,Lakeview,NY,47703,+1-513-448-5560
CUST-ZTTLAD,Customer_690,42,Ocean Drive 58,Greenville,TX,94840,+1-561-945-7085
CUST-RYWPQT,Customer_691,62,Baker Street 136,Springfield,TX,76006,+1-511-760-1415
CUST-AIFNIY,Customer_692,49,Main Street 187,Riverside,TX,30069,+1-903-668-7784
CUST-ZKJDTB,Customer_693,42,Ocean Drive 173,Greenville,FL,28405,+1-780-809-4540
CUST-RXDDJM,Customer_694,39,Ocean Drive 70,Greenville,IL,90666,+1-650-170-8573
CUST-PNEWRC,Customer_695,69,Ocean Drive 162,Greenville,TX,84563,+1-767-779-2233
CUST-SXEAWW,Customer_696,43,Baker Street 50,Lakeview,NY,37498,+1-380-855-7573
CUST-FRWMSB,Customer_697,60,Sunset Boulevard 136,Riverside,FL,43984,+1-712-551-3795
CUST-DCSOCL,Customer_698,57,Sunset Boulevard 73,Riverside,CA,58520,+1-321-636-6599
CUST-PRDUMT,Customer_699,45,Ocean Drive 183,Riverside,CA,76596,+1-809-597-2978
CUST-WWYGFY,Customer_700,70,Main Street 173,Greenville,NY,39500,+1-519-949-2669
CUST-FXUNOJ,Customer_701,29,Sunset Boulevard 101,Greenville,NY,20400,+1-431-330-4353
CUST-NPIAKW,Customer_702,67,Ocean Drive 112,Riverside,FL,54394,+1-438-587-9042
CUST-MB0ZPM,Customer_703,80,Highland Avenue 17,Fairview,CA,91926,+1-346-910-1525
CUST-GGSUPK,Customer_704,80,Main Street 48,Riverside,FL,40914,+1-367-846-5005
CUST-ZMVXOV,Customer_705,39,Ocean Drive 166,Lakeview,CA,54934,+1-409-308-9561
CUST-GSWURI,Customer_706,25,Ocean Drive 1,Fairview,NY,93527,+1-907-353-4103
CUST-JXCAIP,Customer_707,44,Baker Street 138,Riverside,TX,10135,+1-553-987-8692
CUST-QIWXYG,Customer_708,32,Main Street 197,Greenville,CA,74316,+1-756-881-1609
CUST-ILWCJJ,Customer_709,80,Main Street 2,Springfield,IL,38896,+1-260-566-4261
CUST-0QFIEJ,Customer_710,66,Ocean Drive 28,Lakeview,CA,59064,+1-984-769-4925
CUST-EFAKSZ,Customer_711,66,Ocean Drive 2,Springfield,FL,15446,+1-592-659-1093
CUST-QKIHVH,Customer_712,36,Highland Avenue 178,Greenville,IL,93374,+1-773-737-3330
CUST-YEBYLN,Customer_713,18,Baker Street 84,Lakeview,FL,63926,+1-235-877-7575
CUST-JLRSZW,Customer_714,50,Ocean Drive 71,Springfield,FL,40569,+1-455-433-9547
CUST-FSXOID,Customer_715,70,Main Street 78,Springfield,CA,71791,+1-723-152-6245
CUST-FASKQL,Customer_716,43,Ocean Drive 199,Springfield,CA,57774,+1-618-447-7249
CUST-ZNSMFI,Customer_717,22,Ocean Drive 73,Springfield,TX,41385,+1-827-308-2107
CUST-BENCRG,Customer_718,68,Main Street 17,Springfield,FL,77852,+1-528-698-8620
CUST-YKTSRK,Customer_719,53,Main Street 2,Springfield,FL,33395,+1-775-851-6239
CUST-AOORMS,Customer_720,48,Sunset Boulevard 158,Lakeview,IL,82716,+1-301-294-9582
CUST-KLADFR,Customer_721,69,Baker Street 95,Riverside,NY,53549,+1-584-387-9296
CUST-OBLPLS,Customer_722,41,Ocean Drive 2,Riverside,CA,33800,+1-231-527-4184
CUST-HPPBTX,Customer_723,51,Baker Street 49,Greenville,FL,30063,+1-662-404-1654
CUST-IVHCTA,Customer_724,70,Sunset Boulevard 161,Lakeview,TX,71942,+1-929-221-5973
CUST-XSDDEV,Customer_725,36,Main Street 70,Springfield,CA,72219,+1-868-836-7227
CUST-LTVMUX,Customer_726,43,Ocean Drive 188,Riverside,FL,17025,+1-642-287-3207
CUST-HERSIB,Customer_727,64,Ocean Drive 195,Riverside,CA,51684,+1-761-955-5265
CUST-VNNRAK,Customer_728,59,Sunset Boulevard 191,Greenville,FL,51565,+1-720-356-8140
CUST-ENQBOG,Customer_729,38,Ocean Drive 172,Springfield,IL,64572,+1-989-867-8642
CUST-VXLDWN,Customer_730,71,Highland Avenue 85,Fairview,NY,62602,+1-675-681-7326
CUST-XPETTM,Customer_731,39,Ocean Drive 144,Fairview,TX,36553,+1-812-642-6697
CUST-DUKUTK,Customer_732,23,Highland Avenue 65,Fairview,IL,59239,+1-570-515-9082
CUST-EBQWDR,Customer_733,54,Sunset Boulevard 56,Lakeview,TX,14909,+1-676-814-1182
CUST-URPHGZ,Customer_734,71,Baker Street 98,Fairview,CA,64977,+1-761-479-7937
CUST-WWRAUT,Customer_735,68,Baker Street 100,Lakeview,CA,16374,+1-403-229-1566
CUST-ASMOPP,Customer_736,47,Baker Street 186,Fairview,FL,70864,+1-868-684-8393
CUST-ERJCBN,Customer_737,73,Main Street 36,Greenville,NY,23423,+1-636-106-3623
CUST-YVRSVC,Customer_738,28,Ocean Drive 125,Lakeview,FL,67758,+1-768-873-1280
CUST-QNJYFO,Customer_739,25,Main Street 141,Lakeview,FL,36479,+1-801-757-6040
CUST-TILJTQ,Customer_740,50,Sunset Boulevard 4,Fairview,IL,43079,+1-514-233-9941
CUST-QWTKZW,Customer_741,70,Highland Avenue 185,Greenville,CA,99120,+1-899-799-5542
CUST-OBEDAA,Customer_742,31,Ocean Drive 123,Lakeview,CA,62851,+1-827-285-3472
CUST-GSIPIS,Customer_743,38,Highland Avenue 77,Springfield,FL,89852,+1-674-485-9572
CUST-FWLXFS,Customer_744,76,Ocean Drive 172,Riverside,FL,88407,+1-208-221-1827
CUST-YXSFWV,Customer_745,33,Baker Street 120,Lakeview,FL,15128,+1-402-320-5379
CUST-BYOGRN,Customer_746,71,Ocean Drive 1,Lakeview,CA,47080,+1-313-314-3909
CUST-KLEXET,Customer_747,50,Highland Avenue 23,Riverside,NY,57571,+1-876-724-9492
CUST-SIUZWQ,Customer_748,30,Ocean Drive 133,Fairview,NY,72830,+1-470-174-5102
CUST-SSCABG,Customer_749,53,Highland Avenue 30,Fairview,IL,89610,+1-393-733-5433
CUST-ECEQVP,Customer_750,67,Sunset Boulevard 124,Fairview,FL,55289,+1-411-570-1074
CUST-GUNGVK,Customer_751,76,Ocean Drive 84,Fairview,NY,77855,+1-434-259-1069
CUST-NAWWUX,Customer_752,63,Ocean Drive 47,Riverside,FL,89332,+1-590-672-4025
CUST-ZEDDTG,Customer_753,18,Main Street 80,Riverside,TX,59099,+1-930-409-8755
CUST-XOVPIH,Customer_754,36,Baker Street 161,Fairview,IL,35084,+1-522-536-5940
CUST-XMKBTE,Customer_755,74,Main Street 14,Riverside,NY,94505,+1-875-359-9717
CUST-QNBFRZ,Customer_756,120,Ocean Drive 34,Riverside,TX,97212,+1-818-703-9392
CUST-DVIZFV,Customer_757,31,Baker Street 37,Riverside,NY,68896,+1-296-512-5473
CUST-GVMUPS,Customer_758,41,Main Street 4,Riverside,IL,86206,+1-343-701-8423
CUST-UXOGDS,Customer_759,76,Highland Avenue 116,Fairview,TX,85345,+1-471-360-7090
CUST-UHGTJN,Customer_760,39,Ocean Drive 113,Lakeview,CA,78277,+1-680-303-2203
CUST-UZIWCW,Customer_761,47,Baker Street 122,Greenville,FL,81980,+1-873-475-6420
CUST-GUEGXB,Customer_762,46,Baker Street 30,Springfield,FL,15278,+1-327-155-7904
CUST-EPADZG,Customer_763,18,Main Street 192,Fairview,TX,60365,+1-256-767-1594
CUST-MVLPBX,Customer_764,29,Ocean Drive 49,Riverside,TX,78081,+1-678-121-9722
CUST-NHGPRE,Customer_765,65,Main Street 35,Fairview,NY,45214,+1-769-325-6281
CUST-VWXHHP,Customer_766,72,Main Street 165,Lakeview,CA,63623,+1-741-382-2561
CUST-NANNCD,Customer_767,40,Sunset Boulevard 172,Riverside,NY,89576,+1-952-616-9366
CUST-QWUYOH,Customer_768,59,Baker Street 123,Greenville,FL,71872,+1-678-888-6383
CUST-CESZBM,Customer_769,71,Sunset Boulevard 166,Springfield,TX,72485,+1-991-806-8477
CUST-TCNUIV,Customer_770,34,Highland Avenue 168,Fairview,TX,99857,+1-818-722-2022
CUST-VLZB0Y,Customer_771,5,Baker Street 132,Fairview,CA,71029,+1-513-582-8017
CUST-IQGARX,Customer_772,50,Main Street 85,Greenville,CA,47292,+1-569-998-5155
CUST-LLYVGI,Customer_773,64,Main Street 91,Fairview,NY,39321,+1-623-772-1937
CUST-TVDOJG,Customer_774,36,Main Street 128,Springfield,IL,93401,+1-649-347-2010
CUST-PVKDBF,Customer_775,75,Baker Street 112,Fairview,IL,92561,+1-900-518-4889
CUST-JNUKMM,Customer_776,52,Baker Street 96,Greenville,IL,58561,+1-584-196-4621
CUST-LLNPCC,Customer_777,60,Highland Avenue 140,Riverside,CA,64292,+1-939-612-5133
CUST-ITUGIR,Customer_778,70,Sunset Boulevard 76,Springfield,NY,14810,+1-271-106-7660
CUST-WMUPCF,Customer_779,40,Ocean Drive 36,Fairview,NY,28038,+1-745-770-4779
CUST-NJECLL,Customer_780,76,Baker Street 177,Lakeview,IL,61659,+1-400-864-2862
CUST-TFSTTN,Customer_781,28,Ocean Drive 112,Lakeview,FL,74693,+1-584-311-9022
CUST-KCKQYE,Customer_782,49,Baker Street 173,Springfield,IL,69264,+1-579-938-7392
CUST-FOCXMB,Customer_783,23,Highland Avenue 61,Lakeview,NY,68980,+1-485-592-3583
CUST-WURETA,Customer_784,66,Sunset Boulevard 47,Fairview,NY,24677,+1-208-685-4904
CUST-GUOVKX,Customer_785,40,Main Street 161,Lakeview,TX,23103,+1-558-805-1695
CUST-HCFJGV,Customer_786,29,Ocean Drive 67,Springfield,CA,23471,+1-876-443-2922
CUST-CJMOTI,Customer_787,50,Main Street 141,Springfield,TX,73731,+1-650-729-7105
CUST-EZZILO,Customer_788,56,Highland Avenue 118,Greenville,TX,43493,+1-839-328-6013
CUST-JOWQPN,Customer_789,43,Main Street 4,Fairview,IL,17256,+1-361-132-9303
CUST-QMAIJA,Customer_790,24,Baker Street 128,Fairview,CA,80466,+1-684-340-8425
CUST-BLEUJG,Customer_791,73,Highland Avenue 121,Greenville,CA,63355,+1-814-993-6526
CUST-WWOFAL,Customer_792,61,Highland Avenue 5,Greenville,TX,46374,+1-421-296-6903
CUST-NDEYTR,Customer_793,66,Ocean Drive 114,Springfield,NY,67250,+1-981-662-6502
CUST-MRVIGL,Customer_794,59,Ocean Drive 19,Riverside,CA,18083,+1-799-405-3788
CUST-HTCW0P,Customer_795,76,Main Street 166,Springfield,CA,25821,+1-895-355-4207
CUST-WBDMDP,Customer_796,49,Main Street 190,Riverside,CA,88105,+1-773-920-9850
CUST-PQVOEO,Customer_797,20,Ocean Drive 170,Lakeview,NY,31234,+1-823-781-6408
CUST-SOSHLN,Customer_798,52,Main Street 189,Fairview,CA,26568,+1-896-576-3730
CUST-IHRWOR,Customer_799,20,Ocean Drive 97,Lakeview,CA,48836,+1-363-351-7256
CUST-HFOUOI,Customer_800,24,Main Street 177,Fairview,NY,59392,+1-517-184-1140
CUST-YJFTXI,Customer_801,52,Baker Street 114,Greenville,IL,34745,+1-555-265-7090
CUST-DFTMBB,Customer_802,23,Highland Avenue 35,Riverside,FL,95095,+1-572-118-2208
CUST-YKWDPO,Customer_803,74,Highland Avenue 146,Fairview,CA,23278,+1-236-351-4993
CUST-MKJSZS,,28,Sunset Boulevard 60,Fairview,CA,48384,+1-623-917-6641
CUST-FCXNTK,Customer_805,75,Ocean Drive 38,Lakeview,NY,70077,+1-982-212-8584
CUST-BRFJGP,Customer_806,59,Sunset Boulevard 117,Fairview,IL,21814,+1-589-811-3510
CUST-GTAMDH,Customer_807,30,Baker Street 116,Riverside,IL,63285,+1-478-533-1480
CUST-HVIMYA,Customer_808,51,Highland Avenue 98,Fairview,NY,41952,+1-968-360-4871
CUST-KJTULL,Customer_809,5,Highland Avenue 162,Greenville,IL,62687,+1-817-876-4715
CUST-LUWPQS,Customer_810,34,Highland Avenue 196,Fairview,FL,85009,+1-367-365-1130
CUST-TAGWHT,Customer_811,39,Highland Avenue 151,Riverside,TX,18502,+1-775-365-5988
CUST-HZNUNM,Customer_812,66,Highland Avenue 32,Fairview,FL,85054,+1-405-306-6614
CUST-KOVZHG,Customer_813,68,Highland Avenue 179,Lakeview,TX,73626,+1-798-104-7809
CUST-XWKZAX,Customer_814,48,Main Street 173,Fairview,CA,80257,+1-455-572-6277
CUST-JRSFTK,Customer_815,75,Highland Avenue 39,Lakeview,FL,86491,+1-707-687-2981
CUST-IHTTWQ,Customer_816,23,Highland Avenue 7,Riverside,NY,73342,+1-536-323-8321
CUST-KTLVBE,Customer_817,21,Sunset Boulevard 24,Lakeview,CA,82073,+1-874-363-3651
CUST-QBQDUW,Customer_818,55,Highland Avenue 115,Lakeview,CA,13791,+1-735-464-4189
CUST-LHHFXX,Customer_819,52,Highland Avenue 146,Greenville,FL,74708,+1-779-375-5768
CUST-LKJPCT,Customer_820,34,Baker Street 6,Fairview,IL,22968,+1-827-818-2425
CUST-SCRTCC,Customer_821,41,Ocean Drive 200,Springfield,NY,72101,+1-908-731-4699
CUST-HOXTLN,Customer_822,71,Ocean Drive 199,Springfield,NY,51016,+1-219-867-1305
CUST-USLJOR,Customer_823,20,Main Street 176,Springfield,NY,14732,+1-594-124-4698
CUST-COJKRQ,Customer_824,43,Highland Avenue 87,Greenville,FL,15359,+1-431-907-8078
CUST-YLGFWS,Customer_825,37,Main Street 152,Fairview,CA,21763,+1-589-143-7562
CUST-GOZBZA,Customer_826,37,Ocean Drive 74,Greenville,FL,74279,+1-934-721-8370
CUST-YSYBDR,Customer_827,34,Ocean Drive 101,Springfield,CA,43836,+1-784-250-5328
CUST-0ZCJGS,Customer_828,65,Baker Street 90,Greenville,FL,51529,+1-527-714-5816
CUST-STOSSL,Customer_829,28,Sunset Boulevard 144,Riverside,IL,35637,+1-993-758-8555
CUST-ZFTDSM,Customer_830,54,Highland Avenue 106,Fairview,FL,61354,+1-506-389-1137
CUST-SJWVXL,Customer_831,55,Sunset Boulevard 89,Lakeview,IL,54727,+1-831-220-2424
CUST-QLCHOB,Customer_832,59,Ocean Drive 38,Riverside,NY,44386,+1-217-122-7002
CUST-LTXPIN,Customer_833,20,Sunset Boulevard 87,Lakeview,TX,45155,+1-598-975-3928
CUST-DBCXZG,Customer_834,75,Highland Avenue 174,Greenville,NY,87318,+1-977-338-8619
CUST-XRPDAP,Customer_835,34,Sunset Boulevard 69,Riverside,FL,77706,+1-658-639-5995
CUST-DSSKAS,Customer_836,64,Highland Avenue 185,Springfield,CA,22366,+1-846-809-5459
CUST-NQFIYO,Customer_837,25,Highland Avenue 126,Lakeview,CA,24713,+1-246-161-1025
CUST-IIIRYY,Customer_838,67,Baker Street 59,Riverside,IL,63365,+1-907-663-7136
CUST-PHAQMD,Customer_839,28,Main Street 154,Springfield,FL,34662,+1-230-743-5281
CUST-UYMUEM,Customer_840,33,Sunset Boulevard 186,Greenville,TX,47316,+1-571-345-1369
CUST-RMKAGA,Customer_841,39,Sunset Boulevard 178,Fairview,IL,33420,+1-794-348-1858
CUST-IVAMMC,Customer_842,22,Sunset Boulevard 3,Springfield,NY,50449,+1-701-659-9904
CUST-FSZTAW,Customer_843,64,Highland Avenue 44,Riverside,TX,22783,+1-625-554-2565
CUST-EWZJVK,Customer_844,45,Sunset Boulevard 59,Greenville,CA,48776,+1-224-386-6846
CUST-PDBGOS,Customer_845,73,Ocean Drive 73,Greenville,FL,51451,+1-937-395-1684
CUST-RMTMYP,Customer_846,64,Highland Avenue 43,Lakeview,IL,32862,+1-954-158-9371
CUST-VRUPRA,Customer_847,28,Main Street 169,Greenville,FL,21297,+1-726-322-6071
CUST-VJTJVC,Customer_848,20,Baker Street 111,Riverside,CA,65775,+1-846-937-7842
CUST-YYEFZR,Customer_849,49,Sunset Boulevard 142,Springfield,FL,86392,+1-224-598-6688
CUST-VPRCYA,Customer_850,77,Ocean Drive 19,Lakeview,NY,96520,+1-821-221-2128
CUST-XNEAWP,Customer_851,70,Baker Street 188,Fairview,FL,67273,+1-984-913-3658
CUST-DBYADB,Customer_852,29,Main Street 47,Riverside,CA,57000,+1-795-715-3559
CUST-GTKU00,Customer_853,24,Sunset Boulevard 108,Springfield,FL,75997,+1-636-672-6227
CUST-CUNOVY,Customer_854,18,Baker Street 125,Fairview,TX,75216,+1-575-255-6371
CUST-DUJQTS,Customer_855,18,Ocean Drive 134,Springfield,CA,96181,+1-965-435-5853
CUST-CQYRMJ,Customer_856,80,Highland Avenue 125,Riverside,IL,71424,+1-676-928-3918
CUST-JEEOKU,Customer_857,26,Baker Street 192,Springfield,TX,68046,+1-378-963-4474
CUST-MXTFQY,Customer_858,64,Ocean Drive 77,Riverside,CA,14648,+1-753-277-1333
CUST-DTNBYJ,Customer_859,31,Main Street 1,Lakeview,TX,86952,+1-217-380-9315
CUST-YKQYPP,Customer_860,18,Baker Street 148,Springfield,IL,61842,+1-493-263-1927
CUST-RWCABU,Customer_861,43,Baker Street 50,Riverside,CA,75314,+1-601-568-8345
CUST-JYOAFT,Customer_862,64,Ocean Drive 53,Riverside,FL,39333,+1-989-327-3586
CUST-DEBNOH,Customer_863,67,Sunset Boulevard 11,Springfield,IL,96564,+1-208-239-4202
CUST-NGQYCB,Customer_864,76,Main Street 167,Riverside,FL,50119,+1-675-763-6379
CUST-TNVUED,Customer_865,71,Sunset Boulevard 195,Springfield,TX,79978,+1-944-471-8812
CUST-JSJXXR,Customer_866,57,Highland Avenue 160,Lakeview,CA,17981,+1-212-628-4335
CUST-TGAEYN,Customer_867,41,Sunset Boulevard 171,Fairview,FL,86270,+1-756-507-5767
CUST-TJWLZE,Customer_868,68,Main Street 67,Greenville,NY,16126,+1-494-827-5395
CUST-DICYMM,Customer_869,38,Main Street 158,Fairview,FL,99123,+1-585-325-6803
CUST-XDMPUD,Customer_870,35,Main Street 53,Fairview,TX,58086,+1-230-363-1962
CUST-SVZRPL,Customer_871,74,Highland Avenue 184,Lakeview,CA,97251,+1-726-229-4223
CUST-NN0SKV,Customer_872,53,Highland Avenue 144,Greenville,IL,26202,+1-847-156-2747
CUST-HELWOU,Customer_873,22,Baker Street 90,Springfield,NY,27818,+1-701-860-2439
CUST-IXDGEA,Customer_874,19,Baker Street 97,Riverside,NY,79308,+1-470-971-5701
CUST-KBIWYE,Customer_875,78,Baker Street 94,Riverside,FL,39109,+1-575-591-6594
CUST-XBTYZL,Customer_876,25,Main Street 42,Springfield,FL,29084,+1-259-775-8003
CUST-HWATOI,Customer_877,45,Main Street 8,Springfield,CA,10872,+1-646-172-6691
CUST-YKOOWP,Customer_878,79,Main Street 168,Lakeview,FL,22815,+1-744-628-1709
CUST-POPCVV,Customer_879,31,Main Street 112,Springfield,CA,30329,+1-976-357-5935
CUST-VUODWE,Customer_880,67,Sunset Boulevard 94,Riverside,TX,98005,+1-573-276-3604
CUST-CVDUZV,Customer_881,49,Ocean Drive 74,Springfield,FL,53365,+1-395-236-3061
CUST-PBBBXL,Customer_882,39,Highland Avenue 64,Riverside,CA,52859,+1-987-675-1222
CUST-ZWSBLO,Customer_883,60,Main Street 164,Greenville,NY,17293,+1-591-617-8105
CUST-AFFSNF,Customer_884,67,Baker Street 69,Fairview,NY,62713,+1-573-523-5681
CUST-OZGCQS,Customer_885,40,Main Street 37,Lakeview,CA,38755,+1-383-379-7221
CUST-CZNFXM,Customer_886,47,Sunset Boulevard 102,Fairview,NY,61570,+1-207-323-4846
CUST-LLHKLP,Customer_887,43,Main Street 94,Springfield,IL,40916,+1-957-238-1562
CUST-TZVJIZ,Customer_888,60,Main Street 61,Riverside,IL,47549,+1-488-579-5170
CUST-VIOXQK,Customer_889,39,Highland Avenue 84,Springfield,IL,76106,+1-231-153-4050
CUST-PCKIPI,Customer_890,80,Sunset Boulevard 65,Lakeview,FL,97630,+1-656-168-4474
CUST-JBXUJU,Customer_891,32,Highland Avenue 118,Greenville,TX,73357,+1-885-269-3558
CUST-PQKFIQ,Customer_892,79,Sunset Boulevard 167,Riverside,TX,69760,+1-816-723-4952
CUST-PXKUMZ,Customer_893,64,Baker Street 50,Greenville,TX,40763,+1-821-968-4480
CUST-XTTGXN,Customer_894,55,Baker Street 78,Lakeview,IL,79926,+1-756-487-1988
CUST-SMZOXR,Customer_895,77,Ocean Drive 158,Fairview,TX,93658,+1-331-320-1927
CUST-FYWMJW,Customer_896,80,Ocean Drive 135,Lakeview,IL,69378,+1-671-454-4670
CUST-ZDGWGS,Customer_897,37,Main Street 146,Riverside,NY,87674,+1-370-203-2119
CUST-LKUZJT,Customer_898,72,Baker Street 125,Fairview,FL,70087,+1-751-939-1855
CUST-UGBOKZ,Customer_899,68,Sunset Boulevard 155,Riverside,TX,29759,+1-820-329-8102
CUST-BJUYFU,Customer_900,21,Sunset Boulevard 91,Greenville,TX,10235,+1-985-535-4319
CUST-FUKKFG,Customer_901,72,Highland Avenue 56,Riverside,IL,12750,+1-757-936-7380
CUST-COGGXD,Customer_902,58,Ocean Drive 44,Springfield,CA,30700,+1-433-903-9056
CUST-ZZQTAV,Customer_903,40,Main Street 129,Greenville,TX,50897,+1-488-280-5580
CUST-EULKAX,Customer_904,45,Highland Avenue 13,Lakeview,NY,35024,+1-542-376-9791
CUST-PLXEDI,Customer_905,52,Baker Street 40,Fairview,NY,17542,+1-390-659-3134
CUST-FTWPQY,Customer_906,59,Highland Avenue 185,Lakeview,FL,29838,+1-610-593-9587
CUST-OVPZFP,Customer_907,76,Highland Avenue 127,Riverside,CA,60673,+1-477-802-8102
CUST-PFGMXH,Customer_908,80,Ocean Drive 47,Greenville,FL,49905,+1-637-261-1664
CUST-MFVDKL,Customer_909,29,Main Street 40,Lakeview,TX,70747,+1-975-240-9857
CUST-WHGRVS,Customer_910,47,Highland Avenue 41,Fairview,FL,90487,+1-487-593-1016
CUST-TCHIVB,Customer_911,74,Baker Street 52,Fairview,NY,40399,+1-725-811-8864
CUST-BADZWJ,Customer_912,65,Highland Avenue 189,Lakeview,CA,53354,+1-503-824-5927
CUST-BNFQTK,Customer_913,79,Sunset Boulevard 188,Springfield,FL,10874,+1-655-264-3590
CUST-GGRPWF,Customer_914,67,Ocean Drive 50,Greenville,FL,93404,+1-398-249-1927
CUST-AMNZYF,Customer_915,18,Main Street 4,Greenville,FL,18606,+1-934-467-8777
CUST-NWJEHT,Customer_916,62,Baker Street 2,Lakeview,CA,95807,+1-611-950-1736
CUST-DHOOEP,Customer_917,52,Sunset Boulevard 149,Springfield,FL,81050,+1-431-527-7102
CUST-BBQMFG,Customer_918,47,Sunset Boulevard 132,Fairview,NY,97764,+1-766-430-6803
CUST-KHUFYA,Customer_919,42,Highland Avenue 92,Springfield,TX,87101,+1-303-383-3405
CUST-USXYZF,Customer_920,31,Highland Avenue 56,Riverside,TX,36904,+1-808-640-8866
CUST-SBZJDH,Customer_921,120,Baker Street 114,Fairview,NY,74904,+1-998-483-2524
CUST-QCDXZN,Customer_922,32,Sunset Boulevard 62,Greenville,IL,13800,+1-583-775-2878
CUST-ZAZFRJ,Customer_923,30,Ocean Drive 42,Riverside,NY,99867,+1-818-398-2398
CUST-VFWIET,Customer_924,21,Baker Street 140,Fairview,FL,31731,+1-299-119-1870
CUST-MDJJFP,Customer_925,77,Main Street 163,Greenville,FL,10441,+1-790-552-2705
CUST-RCXLSW,Customer_926,32,Ocean Drive 118,Springfield,FL,52738,+1-405-170-1280
CUST-TWCAEB,Customer_927,59,Main Street 61,Riverside,FL,99137,+1-742-294-9596
CUST-YBZPYF,Customer_928,58,Highland Avenue 75,Greenville,IL,79026,+1-420-603-7839
CUST-BCSN0D,Customer_929,46,Ocean Drive 55,Riverside,CA,16266,+1-982-785-9661
CUST-LUXHPK,Customer_930,78,Sunset Boulevard 148,Lakeview,NY,94221,+1-427-880-8027
CUST-DAYGHS,Customer_931,49,Ocean Drive 196,Fairview,CA,28067,+1-421-942-7376
CUST-KYHJZN,Customer_932,23,Main Street 82,Greenville,TX,49860,+1-729-454-8290
CUST-STSIWM,Customer_933,76,Ocean Drive 195,Springfield,FL,73534,+1-741-273-7451
CUST-THKGFA,Customer_934,21,Highland Avenue 75,Riverside,CA,54387,+1-320-779-4031
CUST-AVTXAG,Customer_935,56,Main Street 176,Lakeview,FL,94867,+1-664-129-2967
CUST-UUTJQI,Customer_936,69,Ocean Drive 151,Greenville,IL,79744,+1-431-923-8639
CUST-RPATXD,Customer_937,54,Sunset Boulevard 57,Fairview,FL,41657,+1-373-603-2613
CUST-YIKVOH,Customer_938,80,Highland Avenue 147,Fairview,NY,63490,+1-513-130-1263
CUST-ERETLE,Customer_939,78,Highland Avenue 186,Greenville,CA,59788,+1-216-828-7698
CUST-VJVIFS,Customer_940,54,Sunset Boulevard 189,Greenville,CA,65925,+1-625-849-3288
CUST-BGEGKK,Customer_941,58,Highland Avenue 119,Fairview,FL,48159,+1-760-332-7559
CUST-TKZFVN,Customer_942,69,Sunset Boulevard 136,Riverside,NY,23900,+1-463-939-1434
CUST-PJMCBG,Customer_943,71,Main Street 8,Riverside,TX,45580,+1-357-958-5735
CUST-LXJJPK,Customer_944,64,Main Street 55,Springfield,FL,81657,+1-928-897-3358
CUST-KANEGW,Customer_945,34,Main Street 50,Fairview,CA,94448,+1-923-281-9200
CUST-DDJHUK,Customer_946,51,Sunset Boulevard 24,Lakeview,CA,59280,+1-206-163-2082
CUST-GZKARO,Customer_947,30,Baker Street 9,Greenville,CA,36351,+1-392-704-3753
CUST-CAWEZD,Customer_948,62,Sunset Boulevard 179,Greenville,TX,23111,+1-461-283-8344
CUST-VXUZWJ,Customer_949,80,Ocean Drive 25,Riverside,TX,36039,+1-544-414-4269
CUST-PXERME,Customer_950,74,Sunset Boulevard 147,Fairview,NY,41278,+1-341-107-4933
CUST-SZGKTZ,Customer_951,62,Sunset Boulevard 53,Riverside,FL,34951,+1-202-609-4807
CUST-CAAFCG,Customer_952,37,Ocean Drive 94,Greenville,CA,77272,+1-636-414-6298
CUST-LXHZMJ,Customer_953,79,Main Street 8,Springfield,NY,54973,+1-524-132-7650
CUST-CGMGEH,Customer_954,65,Highland Avenue 58,Riverside,IL,45257,+1-811-517-3923
CUST-EKJSXF,Customer_955,48,Baker Street 166,Springfield,IL,78085,+1-539-842-9268
CUST-YFBUOE,Customer_956,68,Main Street 165,Springfield,FL,53614,+1-574-405-5701
CUST-JSRRBJ,Customer_957,24,Baker Street 128,Riverside,IL,42800,+1-341-282-7338
CUST-RWQDIZ,Customer_958,67,Baker Street 138,Lakeview,TX,85968,+1-607-409-4512
CUST-NWOXAQ,Customer_959,64,Ocean Drive 63,Greenville,CA,80929,+1-848-362-6815
CUST-OANCHG,Customer_960,79,Main Street 152,Lakeview,FL,23800,+1-384-909-6518
CUST-CXBDKJ,Customer_961,73,Highland Avenue 33,Fairview,IL,63942,+1-397-470-9811
CUST-KAEPUB,Customer_962,80,Main Street 122,Greenville,NY,22256,+1-764-532-1116
CUST-LFRXOC,Customer_963,120,Baker Street 137,Fairview,CA,47852,+1-221-240-3018
CUST-VSYZHC,Customer_964,43,Baker Street 199,Lakeview,NY,21100,+1-971-503-2267
CUST-NEIVBH,Customer_965,64,Baker Street 163,Fairview,TX,10294,+1-490-582-6199
CUST-ATGDAJ,Customer_966,47,Main Street 48,Greenville,FL,22133,+1-768-891-9271
CUST-AZTRMJ,Customer_967,72,Sunset Boulevard 63,Fairview,FL,25929,+1-768-235-4231
CUST-SZGFEC,Customer_968,29,Main Street 55,Riverside,TX,28309,+1-878-133-9681
CUST-QFKIWK,Customer_969,66,Baker Street 111,Lakeview,TX,52826,+1-867-580-3058
CUST-ZBNMQD,Customer_970,27,Baker Street 4,Springfield,TX,43168,+1-422-683-2496
CUST-DICFBV,Customer_971,66,Main Street 166,Greenville,FL,94629,+1-842-500-1547
CUST-KVGKCD,Customer_972,50,Main Street 172,Springfield,CA,87027,+1-357-256-7595
CUST-SLNJSQ,Customer_973,23,Baker Street 187,Springfield,TX,72254,+1-232-397-7207
CUST-TZRLJT,Customer_974,51,Sunset Boulevard 154,Lakeview,CA,75660,+1-285-959-1955
CUST-YTQGXK,Customer_975,19,Ocean Drive 77,Springfield,FL,64964,+1-723-282-7133
CUST-SPNGND,Customer_976,31,Highland Avenue 7,Greenville,TX,24469,+1-872-559-4508
CUST-JRAPDA,Customer_977,47,Main Street 41,Fairview,CA,13902,+1-699-185-5627
CUST-PHACXM,Customer_978,48,Sunset Boulevard 150,Springfield,CA,32177,+1-947-903-8971
CUST-VCRPEF,Customer_979,5,Ocean Drive 178,Springfield,FL,60458,+1-754-524-4428
CUST-UNYFEH,Customer_980,58,Sunset Boulevard 54,Fairview,CA,81357,+1-798-346-6044
CUST-GBVNSG,Customer_981,120,Highland Avenue 61,Lakeview,FL,80066,+1-240-803-4663
CUST-GFCDAI,Customer_982,34,Highland Avenue 24,Fairview,NY,93649,+1-851-821-6425
CUST-KEEUBP,Customer_983,58,Ocean Drive 180,Greenville,NY,13367,+1-994-671-4590
CUST-WLNZWL,Customer_984,60,Sunset Boulevard 179,Springfield,TX,24004,+1-893-560-1269
CUST-RDXCCI,Customer_985,36,Sunset Boulevard 146,Fairview,FL,98353,+1-972-112-1713
CUST-CGHARR,Customer_986,66,Main Street 100,Riverside,TX,54712,+1-944-157-8668
CUST-HCNVCE,Customer_987,54,Ocean Drive 133,Greenville,IL,70376,+1-549-225-5400
CUST-QIKJDU,Customer_988,58,Ocean Drive 145,Greenville,FL,50780,+1-672-206-6722
CUST-VKHWHK,Customer_989,59,Main Street 18,Springfield,NY,28314,+1-859-160-4528
CUST-MOCWBR,Customer_990,69,Main Street 106,Fairview,TX,83497,+1-683-871-7884
CUST-EBESWD,Customer_991,71,Baker Street 142,Greenville,IL,12709,+1-342-232-7587
CUST-TMQKLB,Customer_992,44,Ocean Drive 24,Fairview,FL,85848,+1-295-427-6117
CUST-KIPWRP,Customer_993,28,Sunset Boulevard 121,Lakeview,FL,48113,+1-492-386-4903
CUST-ENWBIB,Customer_994,61,Highland Avenue 75,Lakeview,IL,92665,+1-554-765-9797
CUST-VDSRHI,Customer_995,28,Main Street 46,Springfield,FL,98042,+1-624-417-9978
CUST-UASKJU,Customer_996,53,Sunset Boulevard 149,Riverside,IL,56064,+1-385-719-9195
CUST-KT0YZQ,Customer_997,43,Baker Street 74,Greenville,CA,64388,+1-413-949-1203
CUST-DXWBTH,Customer_998,65,Ocean Drive 55,Fairview,NY,76313,+1-291-701-7988
CUST-DVIFHD,,29,Main Street 143,Greenville,TX,67540,+1-829-126-5621
