NPS_ID;Customer_ID;Order_ID;Journey_Type;Recommendation_score;Survey_Date;Survey_Channel
CUST-INTNMV;CUST-QUAITW;CUST-MIHXUE;Upgrade Service;8;01-01-2024;Email
CUST-NJPXIX;CUST-PQYLMJ;CUST-AJRRPK;Upgrade Service;8;02-01-2024;Email
CUST-JVAFOY;CUST-LBLNML;CUST-PZYYXG;New Installation;7;03-01-2024;Phone
CUST-GFIASG;CUST-GNUXTC;CUST-DCEPYJ;Cancellation;9;04-01-2024;Phone
CUST-0ULVKZ;CUST-NBXRAA;CUST-SFUPTR;Billing Issue;8;05-01-2024;Phone
CUST-NPSVEN;CUST-UUCHGJ;CUST-JVSLTH;Technical Support;7;06-01-2024;Phone
CUST-BRQRDS;CUST-HWYVNL;CUST-DUROEA;Billing Issue;9;07-01-2024;Email
CUST-CHOAUO;CUST-JOWQPN;CUST-GINBAZ;Cancellation;8;08-01-2024;SMS
CUST-GQQOVX;CUST-VYLDOZ;CUST-AJNVFL;Billing Issue;7;09-01-2024;Email
CUST-NGRDIJ;CUST-GLBAGE;CUST-WKDOIK;Upgrade Service;8;10-01-2024;Phone
CUST-EOCMMM;CUST-FSQAXB;CUST-NOYVDP;Billing Issue;9;11-01-2024;Phone
CUST-ZNYGWU;CUST-YXSFWV;CUST-CZAXEG;Technical Support;8;12-01-2024;SMS
CUST-EOGHOY;CUST-NCHBBP;CUST-BPHJVZ;Cancellation;8;13-01-2024;Email
CUST-YKWLMH;CUST-IIXSHB;CUST-PMOQLQ;Cancellation;2;14-01-2024;Email
CUST-AKUJAB;CUST-OWLTEN;CUST-DRCQQI;Technical Support;8;15-01-2024;Email
CUST-YLPJWV;CUST-PXKUMZ;CUST-AHPDGG;Cancellation;9;16-01-2024;SMS
CUST-RUNKCB;CUST-WMUPCF;CUST-UMCEVT;Upgrade Service;9;17-01-2024;Phone
CUST-IWZGNW;CUST-PBYTWS;CUST-CEQAHA;Upgrade Service;8;18-01-2024;Phone
CUST-LRQGYI;CUST-RNGPDK;CUST-PGCNYE;Cancellation;8;19-01-2024;SMS
CUST-AQRMWG;CUST-INFMRL;CUST-JMDIXQ;Cancellation;7;20-01-2024;Phone
CUST-ALKOSM;CUST-YGYKOL;CUST-ITOYGL;Cancellation;7;21-01-2024;Phone
CUST-YELQAU;CUST-ILWCJJ;CUST-XNXDTS;New Installation;6;22-01-2024;Email
CUST-JZUUCR;CUST-ROAVXZ;CUST-MYTSR0;New Installation;8;23-01-2024;Phone
CUST-RQJTPX;CUST-UCHEID;CUST-VSISDQ;New Installation;9;24-01-2024;Phone
CUST-YJRQXT;CUST-STDAQT;CUST-JASIBH;Cancellation;7;25-01-2024;Email
CUST-CQLTQK;CUST-SBZJDH;CUST-XRHHCG;Billing Issue;9;26-01-2024;Email
CUST-DYPSAO;CUST-WWEDDL;CUST-RPEEOI;Cancellation;9;27-01-2024;Email
CUST-APMJOI;CUST-YIKVOH;CUST-NZTUSZ;Billing Issue;9;28-01-2024;Email
CUST-FGNFFV;CUST-QXIZDZ;CUST-XATTZX;New Installation;3;29-01-2024;Phone
CUST-JJOCRJ;CUST-VRUPRA;CUST-KUXCLC;Upgrade Service;8;30-01-2024;SMS
CUST-QSIBCW;CUST-FASKQL;CUST-WQFDZC;Billing Issue;7;31-01-2024;SMS
CUST-VMPUOJ;CUST-JLSIJN;CUST-PIPYAK;Technical Support;7;01-02-2024;SMS
CUST-QFJPTQ;CUST-XBTYZL;CUST-GXSQWN;Cancellation;9;02-02-2024;SMS
CUST-RZRELT;CUST-MHATCF;CUST-QPXZTZ;Billing Issue;7;03-02-2024;Phone
CUST-NXAMJJ;CUST-RHGBEG;CUST-SFAXWD;New Installation;8;04-02-2024;Phone
CUST-GIFVQN;CUST-PGBSBX;CUST-EHGNDU;Upgrade Service;9;05-02-2024;SMS
CUST-JKIYEZ;CUST-NWAMPW;CUST-WKDOIK;Upgrade Service;8;06-02-2024;Email
CUST-KSZBAK;CUST-JOEAVK;CUST-IWCRSI;Billing Issue;7;07-02-2024;Phone
CUST-LFENRP;CUST-CKUFUI;CUST-EZLLRU;Cancellation;9;08-02-2024;Phone
CUST-HCBZOV;CUST-BRFJGP;CUST-QLCBIL;New Installation;7;09-02-2024;Phone
CUST-EKWYDU;CUST-OXIJIF;CUST-DJAWEZ;New Installation;6;10-02-2024;SMS
CUST-MPCHIE;CUST-FNLMSC;CUST-PVGXVP;Cancellation;7;11-02-2024;Phone
CUST-ENETBW;CUST-UEDGVO;CUST-JOAWUZ;Upgrade Service;8;12-02-2024;Email
CUST-YWUWYV;CUST-UCHEID;CUST-FOIYXJ;Cancellation;8;13-02-2024;Email
CUST-RQHBBQ;CUST-TCHIVB;CUST-NWIHBE;Upgrade Service;9;14-02-2024;Email
CUST-WITQXH;CUST-MGGOBL;CUST-CKCEGT;Technical Support;8;15-02-2024;Email
CUST-YOOPGV;CUST-MDZUYJ;CUST-LYYROU;Billing Issue;9;16-02-2024;Phone
CUST-SNBSSQ;CUST-ZNSMFI;CUST-MOHUTR;Upgrade Service;9;17-02-2024;Email
CUST-OMZFUB;CUST-LFECGL;CUST-HLXIBR;Technical Support;8;18-02-2024;Email
CUST-YSORRS;CUST-NYC0TR;CUST-USDQLM;Technical Support;8;19-02-2024;Email
CUST-FNCUEH;CUST-IIXSHB;CUST-FBKLHU;Upgrade Service;9;20-02-2024;SMS
CUST-YTBQNX;CUST-ITBWFB;CUST-BZXVDN;Billing Issue;2;21-02-2024;SMS
CUST-DGIUOU;CUST-COZPTL;CUST-CEWHTM;Technical Support;9;22-02-2024;Phone
CUST-HGEYCW;CUST-EBUYOF;CUST-WUXDCQ;Cancellation;8;23-02-2024;Phone
CUST-XJFZVC;CUST-IHRWOR;CUST-XDYVFU;New Installation;7;24-02-2024;Phone
CUST-MBXNRW;CUST-RUEBNC;CUST-KIBBIQ;Billing Issue;7;25-02-2024;Phone
CUST-FCUHZM;CUST-MJAYVB;CUST-LJNPXA;Technical Support;9;26-02-2024;SMS
CUST-QQZUXI;CUST-DUJYSF;CUST-SMOHQC;Upgrade Service;9;27-02-2024;Phone
CUST-HYLOGO;CUST-HPPBTX;CUST-RRNCWC;New Installation;7;28-02-2024;Email
CUST-KDKXWX;CUST-BXADMI;CUST-KQRFZU;Cancellation;9;29-02-2024;Phone
CUST-SUMALB;CUST-IIGGGS;CUST-AWGQKK;New Installation;8;01-03-2024;Phone
CUST-GOCBYH;CUST-GHSVBI;CUST-FCIBFD;Upgrade Service;8;02-03-2024;SMS
CUST-XYTQWP;CUST-BBQMFG;CUST-GLFGTE;Cancellation;8;03-03-2024;Email
CUST-NGLALX;CUST-HCNVCE;CUST-UAEUCL;Upgrade Service;9;04-03-2024;Email
CUST-XRXAXJ;CUST-JSRRBJ;CUST-OHRQXR;Cancellation;9;05-03-2024;Email
CUST-ACODCE;CUST-DCEHRQ;CUST-YETOYB;Upgrade Service;9;06-03-2024;SMS
CUST-ZLMRQR;CUST-ECEQVP;CUST-XZLVYX;New Installation;7;07-03-2024;Email
CUST-GKXZPT;CUST-XYWSFR;CUST-TPVUQL;Technical Support;7;08-03-2024;SMS
CUST-NDYSES;CUST-KKKPVV;CUST-GFQRHF;Cancellation;8;09-03-2024;SMS
CUST-AGGPWC;CUST-NHGHGL;CUST-TSMHFA;Upgrade Service;8;10-03-2024;SMS
CUST-UEZAKP;CUST-UGBOKZ;CUST-USQVNM;Technical Support;9;11-03-2024;Phone
CUST-GZGIDP;CUST-DPCBFN;CUST-BHBGIG;New Installation;7;12-03-2024;Phone
CUST-OHAXQI;CUST-RNGPDK;CUST-TVQQHZ;Billing Issue;9;13-03-2024;SMS
CUST-NDVVBC;CUST-YELJLD;CUST-CZRVGB;Technical Support;7;14-03-2024;Phone
CUST-RNDTJM;CUST-SRCUIL;CUST-QLWRQH;Technical Support;9;15-03-2024;Phone
CUST-IXPROS;CUST-WHYQJQ;CUST-PRGCAU;Billing Issue;8;16-03-2024;Email
CUST-TUPJQA;CUST-YMTDAQ;CUST-GHWWEZ;Upgrade Service;8;17-03-2024;Email
CUST-MDKJQR;CUST-JXAFMH;CUST-BHKUAE;Cancellation;1;18-03-2024;SMS
CUST-RQWQGC;CUST-JJVZUL;CUST-BIHPUQ;Technical Support;7;19-03-2024;Phone
CUST-OLRXTX;CUST-INFMRL;CUST-WBSULP;Upgrade Service;8;20-03-2024;Email
CUST-WIQDSE;CUST-MDBFBA;CUST-OMFXJU;Technical Support;8;21-03-2024;SMS
CUST-FNAZEO;CUST-KNYRYH;CUST-ZFQGLK;Billing Issue;9;22-03-2024;SMS
CUST-VRYHXE;CUST-XWMM0V;CUST-SOXOEJ;Technical Support;7;23-03-2024;Email
CUST-LNLKXL;CUST-LWKEWF;CUST-HUQBRZ;Technical Support;9;24-03-2024;SMS
CUST-CSWAQX;CUST-BSWULD;CUST-MCJFEK;Upgrade Service;8;25-03-2024;Phone
CUST-EYUCNO;CUST-DMCCFV;CUST-XKEXHJ;Billing Issue;9;26-03-2024;Email
CUST-UGQKJL;CUST-NPBE0V;CUST-KCBVGZ;New Installation;7;27-03-2024;Email
CUST-RLGQSN;CUST-PLXEDI;CUST-ULIDIM;Billing Issue;7;28-03-2024;SMS
CUST-FFVBUC;CUST-GOAGQW;CUST-QLHMFV;Upgrade Service;8;29-03-2024;Email
CUST-BVNMDE;CUST-DNSXFW;CUST-RCJIYS;Technical Support;9;30-03-2024;SMS
CUST-QENXEP;CUST-ZELJWU;CUST-NQLIAP;Technical Support;7;31-03-2024;Email
CUST-FTXNXR;CUST-ZQZPBR;CUST-GHWWEZ;New Installation;6;01-04-2024;Phone
CUST-TCVFBU;CUST-MDOVEB;CUST-NGBHOD;Upgrade Service;8;02-04-2024;SMS
CUST-YKXJPS;CUST-DAYGHS;CUST-XXPLGI;Technical Support;7;03-04-2024;Phone
CUST-KFOROC;CUST-DUKUTK;CUST-BAHMPM;New Installation;6;04-04-2024;Email
CUST-00BZJW;CUST-GHPFOA;CUST-XREWEN;Billing Issue;7;05-04-2024;Email
CUST-ASGFLG;CUST-RCJTGQ;CUST-ZTSMCX;New Installation;6;06-04-2024;Phone
CUST-JJWBAT;CUST-XOHLVD;CUST-QAOCXA;Upgrade Service;9;07-04-2024;SMS
CUST-ZXQYDM;CUST-VJ0FMC;CUST-PZQLAA;New Installation;7;08-04-2024;Email
CUST-KAWFSI;CUST-VMJJZX;CUST-ZTSMCX;Billing Issue;1;09-04-2024;SMS
CUST-ZFGKBS;CUST-RCXLSW;CUST-DXJMYU;Technical Support;9;10-04-2024;SMS
CUST-HPLSUN;CUST-LFECGL;CUST-PXJHVP;Technical Support;9;11-04-2024;SMS
CUST-WGPFLH;CUST-VLZJLO;CUST-NJPEUR;Technical Support;9;12-04-2024;Email
CUST-YORTBT;CUST-UGYEEN;CUST-SLNGXW;Technical Support;8;13-04-2024;Phone
CUST-RHYGLV;CUST-BUBJHF;CUST-ELOGMS;Upgrade Service;9;14-04-2024;Email
CUST-DLUKDW;CUST-DVIZFV;CUST-RHNCTA;Upgrade Service;9;15-04-2024;Email
CUST-ISVSAV;CUST-KQJJQD;CUST-CKOMHP;Technical Support;7;16-04-2024;SMS
CUST-MTCYBX;CUST-BCZJXB;CUST-UWUZEI;Billing Issue;8;17-04-2024;Phone
CUST-RGRQRD;CUST-FYWMJW;CUST-QPXZTZ;Technical Support;8;18-04-2024;Email
CUST-MDGVUB;CUST-VJ0FMC;CUST-FCIBFD;Billing Issue;8;19-04-2024;SMS
CUST-RBFNFY;CUST-XOHLVD;CUST-NJSWJE;New Installation;5;20-04-2024;SMS
CUST-TQPSCY;CUST-CRFVZY;CUST-AJVPSF;Cancellation;9;21-04-2024;SMS
CUST-NOETVF;CUST-YEDYUG;CUST-OPMBGS;Technical Support;9;22-04-2024;Email
CUST-LHCRHH;CUST-LWKEWF;CUST-UAIOTA;New Installation;9;23-04-2024;Email
CUST-DZHYBN;CUST-RCZDAC;CUST-CNEAGW;Upgrade Service;9;24-04-2024;Phone
CUST-LJWLCC;CUST-RJDCOJ;CUST-EYPTLG;Billing Issue;8;25-04-2024;Email
CUST-YVBEKV;CUST-IVMZMZ;CUST-OHQNOB;Cancellation;7;26-04-2024;Phone
CUST-WRGTKT;CUST-CJGEMY;CUST-AWZYRS;Technical Support;9;27-04-2024;Email
CUST-RKVQLR;CUST-ECEQVP;CUST-TBTDRL;Upgrade Service;9;28-04-2024;SMS
CUST-RCTCHZ;CUST-GTKU00;CUST-DNPKAA;Technical Support;9;29-04-2024;Email
CUST-FRKILE;CUST-TWCAEB;CUST-KCBVGZ;Upgrade Service;8;30-04-2024;Phone
CUST-JVOGEK;CUST-KYHJZN;CUST-YDPXQY;Technical Support;9;01-05-2024;Email
CUST-SEJTWW;CUST-KIPWRP;CUST-JAPPDT;Cancellation;9;02-05-2024;SMS
CUST-MDPQZJ;CUST-BTMEKA;CUST-JLUBUB;New Installation;6;03-05-2024;Email
CUST-ZKHVLR;CUST-INFMRL;CUST-HPHCVC;Cancellation;7;04-05-2024;Phone
CUST-ODCWUU;CUST-YOIYXU;CUST-UAQPZU;Technical Support;8;05-05-2024;Phone
CUST-JIJLDW;CUST-YLGFWS;CUST-VPRPFZ;Cancellation;8;06-05-2024;Phone
CUST-KTUBGC;CUST-JVXCRF;CUST-FCIBFD;Upgrade Service;9;07-05-2024;Email
CUST-IXARJR;CUST-IYVAZU;CUST-JJIWQF;Technical Support;9;08-05-2024;Phone
CUST-PGKAKI;CUST-VKHWHK;CUST-XQOPNV;Upgrade Service;9;09-05-2024;Phone
CUST-KQIYFS;CUST-BIGEIS;CUST-KCNUTK;New Installation;3;10-05-2024;Email
CUST-RUJXED;CUST-SMZOXR;CUST-OSFHQI;Upgrade Service;8;11-05-2024;Email
CUST-VXTMKG;CUST-ATGDAJ;CUST-PLOSEB;Cancellation;9;12-05-2024;SMS
CUST-DTLADK;CUST-LJANYG;CUST-PZQLAA;Cancellation;7;13-05-2024;Email
CUST-QBWUJG;CUST-XSDDEV;CUST-EYCLEU;Billing Issue;7;14-05-2024;SMS
CUST-HOZEUF;CUST-GDSKTR;CUST-FURVQL;New Installation;5;15-05-2024;SMS
CUST-OSTXSI;CUST-MLJRYA;CUST-VWCDJM;Upgrade Service;8;16-05-2024;SMS
CUST-INESGA;CUST-UDVHKX;CUST-SSNABS;Billing Issue;7;17-05-2024;Phone
CUST-WVEBWL;CUST-TYEIMG;CUST-USKQDW;Technical Support;9;18-05-2024;Email
CUST-HMHRTO;CUST-URPHGZ;CUST-WYUVUJ;Billing Issue;9;19-05-2024;SMS
CUST-GFHEDL;CUST-XYJAEZ;CUST-QUHUSI;New Installation;9;20-05-2024;SMS
CUST-DEXWRY;CUST-KUVKZ0;CUST-ECYGQO;Upgrade Service;9;21-05-2024;Email
CUST-JPVAIW;CUST-NWOXAQ;CUST-IONPPK;Technical Support;8;22-05-2024;Email
CUST-CFNGFJ;CUST-LLKCBY;CUST-LZBQEB;Cancellation;9;23-05-2024;Phone
CUST-AYLBEE;CUST-FNLMSC;CUST-XZBJGC;Cancellation;8;24-05-2024;Email
CUST-VMTKUL;CUST-JYJQLD;CUST-UGJEVD;Technical Support;8;25-05-2024;Phone
CUST-GZHIHS;CUST-NYJGMM;CUST-XBYQOS;Upgrade Service;8;26-05-2024;Email
CUST-XUGLBR;CUST-YPLHYT;CUST-GYMQET;Technical Support;7;27-05-2024;SMS
CUST-FGCBXN;CUST-ZDGWGS;CUST-NBQBGF;Upgrade Service;8;28-05-2024;Email
CUST-RLHLUL;CUST-ZKGLOG;CUST-DPSJDG;Technical Support;9;29-05-2024;Phone
CUST-XRLPWI;CUST-ULOWJA;CUST-OSGWPN;Upgrade Service;8;30-05-2024;Phone
CUST-STBQDD;CUST-YPMPDM;CUST-CGUUOP;Upgrade Service;9;31-05-2024;SMS
CUST-IQCIZJ;CUST-CWKDCJ;CUST-MGYCTS;New Installation;5;01-06-2024;Email
CUST-UGXOHY;CUST-YUBLAQ;CUST-XATTZX;New Installation;7;02-06-2024;Email
CUST-BARWOD;CUST-MENOFI;CUST-GICCWE;Billing Issue;7;03-06-2024;Email
CUST-CQHTPK;CUST-BRFJGP;CUST-IFSWZI;Cancellation;9;04-06-2024;Email
CUST-FYARUD;CUST-QIBPYP;CUST-GBCKUU;New Installation;6;05-06-2024;Email
CUST-ELBDLG;CUST-DUJQTS;CUST-VUSYJD;Billing Issue;9;06-06-2024;Email
CUST-VXMOBK;CUST-TZVJIZ;CUST-GLBPNL;New Installation;7;07-06-2024;Email
CUST-LXZKEB;CUST-TIUERI;CUST-PBYBEF;Cancellation;9;08-06-2024;SMS
CUST-XBGGDR;CUST-TIEYQZ;CUST-TRUGNJ;Billing Issue;7;09-06-2024;SMS
CUST-QMGT00;CUST-TFSTTN;CUST-SHDOGL;New Installation;6;10-06-2024;SMS
CUST-JHNLMM;CUST-HOXTLN;CUST-CSZPJK;Cancellation;9;11-06-2024;Email
CUST-UWCZGU;CUST-NJT0FM;CUST-WFSPKV;New Installation;6;12-06-2024;SMS
CUST-DCRUIE;CUST-TIWDVV;CUST-WFSPKV;Billing Issue;8;13-06-2024;Email
CUST-TMVART;CUST-EQLGQQ;CUST-FMQXKK;Upgrade Service;9;14-06-2024;SMS
CUST-FRGHQG;CUST-VXLDWN;CUST-JOBQKK;Technical Support;9;15-06-2024;Phone
CUST-ACNLGI;CUST-KKAKWK;CUST-KABTOM;New Installation;8;16-06-2024;Phone
CUST-TFREIA;CUST-YTQGXK;CUST-ZQTOCI;New Installation;8;17-06-2024;SMS
CUST-HDXBGA;CUST-CUDCQE;CUST-WDESCX;New Installation;5;18-06-2024;SMS
CUST-TZZLXX;CUST-PQYLMJ;CUST-VXJBOQ;Billing Issue;8;19-06-2024;Phone
CUST-MKCDGC;CUST-PWHZRU;CUST-LHYNJH;Cancellation;8;20-06-2024;SMS
CUST-UCRPJX;CUST-SRKLWS;CUST-FIZOJD;Cancellation;9;21-06-2024;SMS
CUST-TUBRQZ;CUST-NOSGJS;CUST-FJNYWS;Cancellation;9;22-06-2024;Email
CUST-CLXELF;CUST-AIFNIY;CUST-TCVAIV;New Installation;9;23-06-2024;SMS
CUST-XTKCYW;CUST-COJKRQ;CUST-KOAIHR;Upgrade Service;9;24-06-2024;SMS
CUST-HEGAJR;CUST-XRANNB;CUST-ETRSRY;Billing Issue;8;25-06-2024;Phone
CUST-FRRICN;CUST-JQNFGV;CUST-ETRSRY;Cancellation;8;26-06-2024;SMS
CUST-PHNCKM;CUST-HPPBTX;CUST-ESSUHD;New Installation;6;27-06-2024;Phone
CUST-UUBDQP;CUST-WINYRB;CUST-DBBZZO;Technical Support;8;28-06-2024;Email
CUST-IIIHWT;CUST-DNVFKA;CUST-UAEUCL;Technical Support;7;29-06-2024;Phone
CUST-DXPSWO;CUST-DEIEWN;CUST-GDRNDK;Billing Issue;9;30-06-2024;Email
CUST-QTSD0H;CUST-ZPEKAH;CUST-EXEQNO;New Installation;8;01-07-2024;SMS
CUST-PLNGOC;CUST-GSIPIS;CUST-FBKLHU;New Installation;6;02-07-2024;Email
CUST-XDLCDF;CUST-QVJCQL;CUST-PQXCYY;Upgrade Service;9;03-07-2024;Email
CUST-YWGSIM;CUST-DCBCIF;CUST-RLATVD;Technical Support;7;04-07-2024;Phone
CUST-KUSBNX;CUST-THKGFA;CUST-DQUXGM;Cancellation;7;05-07-2024;SMS
CUST-GISWUT;CUST-SOSHLN;CUST-ETRSRY;New Installation;9;06-07-2024;Phone
CUST-YXBYCX;CUST-TFYDJK;CUST-OPMBGS;New Installation;5;07-07-2024;Phone
CUST-GHNXKG;CUST-HWYVNL;CUST-HAQRBT;Cancellation;8;08-07-2024;Email
CUST-QTPMTZ;CUST-OZLJLY;CUST-OAREHR;Technical Support;8;09-07-2024;SMS
CUST-QUQWYW;CUST-VVBPWB;CUST-MGTBIX;Cancellation;9;10-07-2024;Email
CUST-XZODCL;CUST-WMGAAV;CUST-XATTZX;New Installation;5;11-07-2024;Phone
CUST-DOFMVJ;CUST-LWKEWF;CUST-EXAEWJ;Cancellation;9;12-07-2024;Phone
CUST-PXMWXS;CUST-BNFQTK;CUST-BJBPFB;Technical Support;9;13-07-2024;SMS
CUST-WNVQPC;CUST-LQZSUN;CUST-TEIMTG;Upgrade Service;8;14-07-2024;Phone
CUST-IBNOFW;CUST-0QFIEJ;CUST-QXXGVA;Billing Issue;9;15-07-2024;Email
CUST-SJMPKZ;CUST-CRSLQM;CUST-TKOKXS;Technical Support;9;16-07-2024;SMS
CUST-IMUBUQ;CUST-BTMEKA;CUST-GFQRHF;Technical Support;8;17-07-2024;SMS
CUST-GFKVIG;CUST-DVIZFV;CUST-ECKWEH;Upgrade Service;8;18-07-2024;Email
CUST-PPQCCK;CUST-YEMUOW;CUST-LJNPXA;Upgrade Service;9;19-07-2024;SMS
CUST-WZWAQL;CUST-BRFJGP;CUST-GLOSDS;Cancellation;7;20-07-2024;Email
CUST-ULMXXJ;CUST-KLRPTR;CUST-XZLVYX;Cancellation;9;21-07-2024;Email
CUST-KWPHJK;CUST-OUJYUT;CUST-KACIOZ;Cancellation;7;22-07-2024;SMS
CUST-STGVKM;CUST-TCORWE;CUST-MOQSZN;Cancellation;8;23-07-2024;SMS
CUST-OLYNZW;CUST-DGYZFL;CUST-FOXMDB;New Installation;7;24-07-2024;Email
CUST-XNTMPS;CUST-RPNFKT;CUST-QLCBIL;New Installation;9;25-07-2024;SMS
CUST-TEVFEK;CUST-SGHWPM;CUST-JVCYWK;Upgrade Service;9;26-07-2024;Email
CUST-HDTYZD;CUST-MENOFI;CUST-KKDVPW;Upgrade Service;9;27-07-2024;SMS
CUST-BKSFUX;CUST-AGCDWV;CUST-YZONYE;Technical Support;9;28-07-2024;Email
CUST-BQWISU;CUST-CRVNWM;CUST-LUNPOJ;Upgrade Service;8;29-07-2024;SMS
CUST-KRWMGU;CUST-VLZJLO;CUST-TITAAY;Technical Support;9;30-07-2024;Email
CUST-GBRPKJ;CUST-ZDGWGS;CUST-QPXZTZ;Upgrade Service;8;31-07-2024;Email
CUST-MSDVFE;CUST-PGJYWE;CUST-CEQAHA;Cancellation;8;01-08-2024;Email
CUST-DISTII;CUST-AOORMS;CUST-MCJFEK;Cancellation;8;02-08-2024;Email
CUST-GTYXKO;CUST-HWATOI;CUST-OUZIWG;New Installation;8;03-08-2024;Email
CUST-DNIFIQ;CUST-VJ0FMC;CUST-ZRABEU;Cancellation;8;04-08-2024;Phone
CUST-MRZUDT;CUST-CZNFXM;CUST-GIWWOB;Technical Support;7;05-08-2024;Phone
CUST-QEQEQN;CUST-RAYJ0S;CUST-USQVNM;New Installation;2;06-08-2024;SMS
CUST-LMYHIN;CUST-JMZPOZ;CUST-EDDFYN;Upgrade Service;9;07-08-2024;SMS
CUST-YOLXZY;CUST-HSXXPH;CUST-SEIMVV;Upgrade Service;9;08-08-2024;Phone
CUST-UUYOCK;CUST-CGHARR;CUST-MQSEFJ;Cancellation;7;09-08-2024;Phone
CUST-ONGLWO;CUST-YPLHYT;CUST-RUETT0;New Installation;8;10-08-2024;SMS
CUST-EDOBCC;CUST-NWJEHT;CUST-IUMWJG;Upgrade Service;8;11-08-2024;Phone
CUST-PXJWKB;CUST-CRFVZY;CUST-DCZDWE;Cancellation;9;12-08-2024;SMS
CUST-NJGUWO;CUST-ZQZPBR;CUST-XIJCBR;New Installation;7;13-08-2024;Email
CUST-EHFWAG;CUST-ADHWDZ;CUST-LURQDL;Technical Support;8;14-08-2024;Email
CUST-UFIRAU;CUST-DVXILJ;CUST-AJVPSF;Cancellation;8;15-08-2024;Email
CUST-BYUWZS;CUST-VZTDYT;CUST-PGCNYE;New Installation;8;16-08-2024;SMS
CUST-GXMEFW;CUST-UXWZYZ;CUST-GAMIHC;Cancellation;7;17-08-2024;SMS
CUST-CQCFFX;CUST-AMNZYF;CUST-LTJLSM;Billing Issue;9;18-08-2024;Phone
CUST-ZXRMGB;CUST-EYOSLA;CUST-JFCHDD;New Installation;5;19-08-2024;Email
CUST-IMXEXR;CUST-PDBGOS;CUST-XVIICH;Billing Issue;8;20-08-2024;Email
CUST-PWVFSN;CUST-LKUZJT;CUST-LGKCFH;Technical Support;7;21-08-2024;Email
CUST-PEOIAB;CUST-ERJCBN;CUST-NNXRSW;Cancellation;7;22-08-2024;Phone
CUST-QGOZRA;CUST-PLXEDI;CUST-LCVXCQ;Cancellation;7;23-08-2024;Email
CUST-CNSQRX;CUST-XRANNB;CUST-UFQEIM;New Installation;6;24-08-2024;SMS
CUST-UXQATF;CUST-YPMPDM;CUST-BQDVPR;Cancellation;8;25-08-2024;SMS
CUST-WYTZGK;CUST-EZGXJU;CUST-GLFGTE;Technical Support;9;26-08-2024;Phone
CUST-UGUXPH;CUST-DVXILJ;CUST-SMOHQC;Upgrade Service;9;27-08-2024;Email
CUST-0UMSXM;CUST-TROHDX;CUST-KHDJBB;Upgrade Service;9;28-08-2024;Phone
CUST-RBAIWT;CUST-PKJHHR;CUST-GYUCUG;New Installation;4;29-08-2024;Email
CUST-XPRLOO;CUST-MRVIGL;CUST-OAREHR;Cancellation;7;30-08-2024;Email
CUST-NCVYNW;CUST-GTAOTB;CUST-WKSLKP;Cancellation;8;31-08-2024;Email
CUST-KETIVA;CUST-XKXLFE;CUST-XIEUJB;Technical Support;9;01-09-2024;Email
CUST-WYBWXV;CUST-ISBIX0;CUST-NJPEUR;Billing Issue;9;02-09-2024;Email
CUST-GKCXAI;CUST-YAFHFQ;CUST-RUETT0;Technical Support;8;03-09-2024;Email
CUST-MOIVWE;CUST-VKHWHK;CUST-ZUKUVH;Cancellation;8;04-09-2024;SMS
CUST-NAL0CT;CUST-SBZJDH;CUST-JDWDCU;New Installation;8;05-09-2024;Email
CUST-GWPFGN;CUST-YOXXWE;CUST-RGDDTT;Cancellation;7;06-09-2024;Email
CUST-WNKMBL;CUST-ONUWIW;CUST-YUVUZS;Billing Issue;7;07-09-2024;Phone
CUST-SFOXDL;CUST-BFXGWJ;CUST-QPJILY;Upgrade Service;8;08-09-2024;Email
CUST-AFMYZH;CUST-GKHFIY;CUST-MOVUFK;Technical Support;7;09-09-2024;Phone
CUST-LELSRJ;CUST-QIWXYG;CUST-AYAHUT;Technical Support;8;10-09-2024;Phone
CUST-URQSMR;CUST-SRKLWS;CUST-DXJMYU;Upgrade Service;9;11-09-2024;Email
CUST-RJTXJX;CUST-OCDINL;CUST-HHJDMI;New Installation;5;12-09-2024;SMS
CUST-BELIZK;CUST-RNJKQJ;CUST-FQHJAT;Cancellation;9;13-09-2024;Email
CUST-GFUFAS;CUST-DAYGHS;CUST-SOTRLT;New Installation;9;14-09-2024;SMS
CUST-TOZQYU;CUST-SZGPAO;CUST-JKZQFS;New Installation;8;15-09-2024;SMS
CUST-EUNTWG;CUST-ILOYXD;CUST-UOMEJJ;Cancellation;8;16-09-2024;SMS
CUST-TIJXXX;CUST-YYEFZR;CUST-ZGQWFU;Billing Issue;9;17-09-2024;Email
CUST-FXKSAX;CUST-BSLHFL;CUST-VEVLIQ;Cancellation;7;18-09-2024;Email
CUST-DULVIU;CUST-TKOEMB;CUST-ITRKNX;Upgrade Service;9;19-09-2024;SMS
CUST-ATPLJG;CUST-MVCMGU;CUST-FEZREI;Upgrade Service;8;20-09-2024;SMS
CUST-IVKFUQ;CUST-AMNZYF;CUST-XTBFBC;Cancellation;8;21-09-2024;Email
CUST-ZSUUEK;CUST-JLRSZW;CUST-GAXKSL;Billing Issue;9;22-09-2024;Email
CUST-JDFZEM;CUST-PGJYWE;CUST-GTMEGI;Technical Support;8;23-09-2024;Email
CUST-WNMRAW;CUST-LFYSRB;CUST-SGBWNA;New Installation;6;24-09-2024;SMS
CUST-BXFUQQ;CUST-CRFVZY;CUST-AGXRME;Cancellation;8;25-09-2024;SMS
CUST-HHOFAK;CUST-LNBTBO;CUST-UAIOTA;Cancellation;7;26-09-2024;Email
CUST-DJTCTU;CUST-HPIPIB;CUST-MKAWWS;Billing Issue;7;27-09-2024;SMS
CUST-JWRPNX;CUST-UASKJU;CUST-GBCKUU;Technical Support;8;28-09-2024;Email
CUST-BKLJLZ;CUST-HUZNHA;CUST-UYFTRP;Cancellation;3;29-09-2024;Email
CUST-XSG0GR;CUST-FASKQL;CUST-QUHUSI;Cancellation;7;30-09-2024;Email
CUST-PTDVMD;CUST-YZVAVE;CUST-MOWZEQ;Upgrade Service;8;01-10-2024;Email
CUST-HXJWGD;CUST-ZWSBLO;CUST-NIROUD;Technical Support;9;02-10-2024;Phone
CUST-EASJRP;CUST-DNVFKA;CUST-JSVKPY;Upgrade Service;8;03-10-2024;Email
CUST-QFVCLT;CUST-PKJHHR;CUST-SMOHQC;Cancellation;7;04-10-2024;Email
CUST-XVLPWL;CUST-RRTFGE;CUST-DBIGUF;Billing Issue;7;05-10-2024;SMS
CUST-NLWTTX;CUST-FUFQNG;CUST-TNQFIT;Upgrade Service;8;06-10-2024;Phone
CUST-LWHCJW;CUST-ZJDBYL;CUST-MRFZTW;Upgrade Service;9;07-10-2024;Email
CUST-GYZBNO;CUST-WMUPCF;CUST-RIKTNE;New Installation;8;08-10-2024;Phone
CUST-QGRTTJ;CUST-HKCYXU;CUST-DUPUDI;Billing Issue;8;09-10-2024;SMS
CUST-SLYABB;CUST-LSBRRB;CUST-LHYNJH;New Installation;6;10-10-2024;Email
CUST-DQRZVW;CUST-PANJSA;CUST-UAQPZU;New Installation;6;11-10-2024;SMS
CUST-JJWMGU;CUST-DNUNPV;CUST-CEQAHA;Billing Issue;7;12-10-2024;Email
CUST-YIPJRH;CUST-LLYVGI;CUST-GFCXCS;Cancellation;9;13-10-2024;Email
CUST-VNWCUN;CUST-GOAGQW;CUST-HCGAJP;New Installation;8;14-10-2024;Phone
CUST-MYWUHE;CUST-TVDOJG;CUST-RUETT0;Technical Support;8;15-10-2024;Phone
CUST-GBBQYA;CUST-MJAYVB;CUST-URGGYZ;Upgrade Service;8;16-10-2024;Email
CUST-KEGDNZ;CUST-YOXXWE;CUST-RZJNGR;Upgrade Service;8;17-10-2024;Phone
CUST-USZTUU;CUST-LVKJTS;CUST-IANMUO;Billing Issue;5;18-10-2024;Email
CUST-TMJIGC;CUST-YGYKOL;CUST-SEEDHJ;New Installation;8;19-10-2024;Phone
CUST-KZVYYE;CUST-UWYPVM;CUST-YUVUZS;Upgrade Service;8;20-10-2024;Email
CUST-XDECXS;CUST-ROAVXZ;CUST-JJQSWH;Cancellation;7;21-10-2024;Email
CUST-NPCOLX;CUST-NWAOGK;CUST-CXMOWN;Billing Issue;8;22-10-2024;SMS
CUST-ENVNGH;CUST-LUWPQS;CUST-KBNTKN;Billing Issue;7;23-10-2024;Email
CUST-AYLVOD;CUST-AXUZAC;CUST-HBSFEJ;Upgrade Service;8;24-10-2024;SMS
CUST-RMMZYX;CUST-EXHGCU;CUST-KWIMTF;New Installation;5;25-10-2024;Phone
CUST-HPXLFX;CUST-RHXYTK;CUST-GVJDVA;Cancellation;7;26-10-2024;Email
CUST-VYKLEF;CUST-XGLJZB;CUST-WDROMV;Upgrade Service;9;27-10-2024;Email
CUST-SECQRS;CUST-SVZRPL;CUST-ELHQXJ;New Installation;6;28-10-2024;SMS
CUST-GAYZTT;CUST-KT0YZQ;CUST-ITXWOY;New Installation;7;29-10-2024;SMS
CUST-IHITFC;CUST-NYJGMM;CUST-KRKBJO;Technical Support;8;30-10-2024;SMS
CUST-HDXRRB;CUST-MDWCMT;CUST-NIROUD;Cancellation;9;31-10-2024;Phone
CUST-MPOUSP;CUST-NGQYCB;CUST-ZTSMCX;Billing Issue;7;01-11-2024;Phone
CUST-SFIBPI;CUST-CRVNWM;CUST-AJVPSF;Cancellation;9;02-11-2024;Phone
CUST-IMABVL;CUST-DWIFBM;CUST-TGHSWD;Billing Issue;9;03-11-2024;Email
CUST-TDYJJD;CUST-GDNVQW;CUST-WWMIHR;Upgrade Service;8;04-11-2024;Email
CUST-IBVSMN;CUST-BWRLAG;CUST-WZIBYG;New Installation;7;05-11-2024;Phone
CUST-QBXYAT;CUST-IIIRYY;CUST-DGIUXZ;New Installation;8;06-11-2024;Email
CUST-FTSPLX;CUST-QUAITW;CUST-U0FSKJ;Cancellation;7;07-11-2024;SMS
CUST-LMPAWU;CUST-STSIWM;CUST-MIOQWD;Upgrade Service;8;08-11-2024;Email
CUST-EWKEUO;CUST-VSVZTH;CUST-UNPHGE;Technical Support;9;09-11-2024;Phone
CUST-QSNKQS;CUST-QOAAJH;CUST-INIHMI;Technical Support;8;10-11-2024;Email
CUST-JMLVAB;CUST-LRUTQF;CUST-XVCFEM;Billing Issue;7;11-11-2024;Phone
CUST-WXTBDK;CUST-UNYUIR;CUST-WPKVPH;New Installation;8;12-11-2024;Phone
CUST-EMXFYF;CUST-CWKDCJ;CUST-HWNFTV;Billing Issue;9;13-11-2024;Email
CUST-FQDOHP;CUST-HCBSEU;CUST-YOEJCY;Technical Support;9;14-11-2024;SMS
CUST-ICTXFS;CUST-SZGKTZ;CUST-MRNMEO;New Installation;6;15-11-2024;Email
CUST-LFCVEW;CUST-FXUNOJ;CUST-VONYPC;Cancellation;9;16-11-2024;SMS
CUST-YZDMMY;CUST-STDAQT;CUST-OIYKZS;Upgrade Service;9;17-11-2024;Phone
CUST-BBJPOE;CUST-LUXHPK;CUST-SNQIYW;Technical Support;7;18-11-2024;Email
CUST-UMFAUX;CUST-ZIBSVG;CUST-CRGCZX;Technical Support;9;19-11-2024;SMS
CUST-OCZZCP;CUST-MRGRGJ;CUST-ITOYGL;Billing Issue;8;20-11-2024;SMS
CUST-EVZAAS;CUST-VBJEJP;CUST-JOBQKK;Billing Issue;7;21-11-2024;Phone
CUST-WQGKPB;CUST-YELJLD;CUST-PMAGPY;Cancellation;7;22-11-2024;Email
CUST-HYNJPZ;CUST-NIMLZA;CUST-NVFRMM;Cancellation;9;23-11-2024;Phone
CUST-RCIJKB;CUST-OBEDAA;CUST-JKZQFS;Technical Support;8;24-11-2024;SMS
CUST-P0UXBA;CUST-NSHHOL;CUST-AANPVZ;Billing Issue;7;25-11-2024;Phone
CUST-PHXXPV;CUST-QRWRCV;CUST-AXUXDS;Cancellation;8;26-11-2024;SMS
CUST-OAATVI;CUST-YXSFWV;CUST-ZPKERW;Technical Support;9;27-11-2024;Email
CUST-MTCKFT;CUST-AGCDWV;CUST-ZVCXXY;Cancellation;7;28-11-2024;Phone
CUST-HMOTOH;CUST-KLADFR;CUST-UYKHYY;Upgrade Service;8;29-11-2024;SMS
CUST-GNSSOE;CUST-YUBLAQ;CUST-JYPTSY;Cancellation;8;30-11-2024;Phone
CUST-CEVXZS;CUST-FTCNKG;CUST-KHDJBB;Billing Issue;8;01-12-2024;Phone
CUST-IKMSVJ;CUST-ATHDUR;CUST-PIPYAK;Cancellation;7;02-12-2024;Phone
CUST-BBQISH;CUST-SLNJSQ;CUST-NNXRSW;New Installation;9;03-12-2024;SMS
CUST-YAPGJY;CUST-ZTUMEZ;CUST-ZQTOCI;New Installation;6;04-12-2024;SMS
CUST-EDTWAA;CUST-FXLDEC;CUST-NEWHHF;Billing Issue;2;05-12-2024;Phone
CUST-HRANLT;CUST-QVJCQL;CUST-ZLCFPZ;Technical Support;7;06-12-2024;Email
CUST-LMZFXG;CUST-OWLTEN;CUST-QGPHPJ;Cancellation;7;07-12-2024;Email
CUST-VIOAPM;CUST-OZGCQS;CUST-XHGUUZ;Cancellation;7;08-12-2024;Email
CUST-HCANKB;CUST-DTNBYJ;CUST-CKCEGT;Upgrade Service;9;09-12-2024;SMS
CUST-CRKKMH;CUST-ODKJCE;CUST-PMURNN;New Installation;6;10-12-2024;Phone
CUST-TOVFFF;CUST-TRMNQN;CUST-XPZJUF;New Installation;9;11-12-2024;SMS
CUST-RDKTJE;CUST-AQOYXD;CUST-JYKRWN;Technical Support;9;12-12-2024;SMS
CUST-OJXXLO;CUST-YPLHYT;CUST-OQSJHZ;Upgrade Service;9;13-12-2024;Phone
CUST-YQSUEG;CUST-HCFJGV;CUST-UDVKMW;Billing Issue;8;14-12-2024;Email
CUST-TAPVZA;CUST-ZQNUDE;CUST-HVTNIH;Upgrade Service;9;15-12-2024;Email
CUST-QGZKTV;CUST-BQKAUT;CUST-IWCRSI;Cancellation;7;16-12-2024;SMS
CUST-NPPSLW;CUST-WBDMDP;CUST-XFDVCZ;Cancellation;7;17-12-2024;SMS
CUST-RKNDRJ;CUST-VIOXQK;CUST-OGOOLA;Cancellation;9;18-12-2024;Email
CUST-QHTFOK;CUST-RCZDAC;CUST-WSTWXY;New Installation;9;19-12-2024;Phone
CUST-XZCGIH;CUST-XSJAAL;CUST-BHKUAE;Billing Issue;9;20-12-2024;Phone
CUST-OJCXBG;CUST-NQIVTC;CUST-GNQMJD;Technical Support;7;21-12-2024;Phone
CUST-EBPZDL;CUST-FRIDUZ;CUST-FGYYUL;Technical Support;9;22-12-2024;SMS
CUST-ZGJFZA;CUST-YDPRKI;CUST-QFTOPP;Upgrade Service;8;23-12-2024;SMS
CUST-UEXJSX;CUST-SGSTOO;CUST-SFUPTR;Technical Support;7;24-12-2024;Email
CUST-DBCMAN;CUST-AQOYXD;CUST-JMPIBR;Technical Support;9;25-12-2024;Email
CUST-DYUOWP;CUST-PIMZWH;CUST-XRHHCG;Technical Support;8;26-12-2024;Email
CUST-ATGQQX;CUST-KHSMPZ;CUST-SOXOEJ;Billing Issue;9;27-12-2024;Phone
CUST-JQDEZQ;CUST-TURDGX;CUST-PZQLAA;Technical Support;8;28-12-2024;Email
CUST-TUBACB;CUST-GGSUPK;CUST-FJNYWS;Billing Issue;7;29-12-2024;SMS
CUST-FMWZMV;CUST-WHGRVS;CUST-ODIDQO;New Installation;5;30-12-2024;Phone
CUST-HBWZKZ;CUST-RMTMYP;CUST-SMOHQC;Billing Issue;9;31-12-2024;Phone
CUST-ZJUQYS;CUST-DTNBYJ;CUST-OGSVCU;Technical Support;7;01-01-2025;Phone
CUST-GPXAWZ;CUST-EITLJY;CUST-JRFQOJ;Billing Issue;7;02-01-2025;Email
CUST-OQOOIN;CUST-NDEYTR;CUST-RNNYFS;New Installation;6;03-01-2025;Email
CUST-FVZWKP;CUST-ORFQMW;CUST-ONPSQW;Billing Issue;7;04-01-2025;SMS
CUST-ATZGSZ;CUST-JEIILL;CUST-IYDRRK;Billing Issue;9;05-01-2025;Phone
CUST-GEAQSX;CUST-ASMOPP;CUST-QYBDRD;Technical Support;9;06-01-2025;Phone
CUST-DFNEJU;CUST-KQQAJZ;CUST-KGHAPO;Technical Support;9;07-01-2025;SMS
CUST-VOAUDM;CUST-MRVIGL;CUST-GLBPNL;New Installation;8;08-01-2025;SMS
CUST-AFXQJL;CUST-GXRFRI;CUST-DJOLSA;Technical Support;7;09-01-2025;SMS
CUST-KNLQGW;CUST-NOSGJS;CUST-AOUUMY;Upgrade Service;8;10-01-2025;Email
CUST-HXIGKG;CUST-WWYGFY;CUST-RRNCWC;Cancellation;8;11-01-2025;Phone
CUST-XHACNF;CUST-MENOFI;CUST-MSZQXQ;New Installation;9;12-01-2025;Email
CUST-JLYLKT;CUST-JQABOT;CUST-WZQFRN;Upgrade Service;8;13-01-2025;SMS
CUST-VBBELM;CUST-GXRFRI;CUST-BRWCRN;Upgrade Service;8;14-01-2025;Email
CUST-FUOHNL;CUST-SMZOXR;CUST-UEISLO;Technical Support;9;15-01-2025;Email
CUST-PQRLSS;CUST-MB0ZPM;CUST-OZGQUY;New Installation;9;16-01-2025;SMS
CUST-BIXDYV;CUST-EEBGRX;CUST-WCPNBE;Cancellation;9;17-01-2025;Email
CUST-QVEHUM;CUST-OBEDAA;CUST-HEJXER;Billing Issue;7;18-01-2025;SMS
CUST-EKRKZR;CUST-SSCABG;CUST-ANXOGY;Cancellation;8;19-01-2025;Email
CUST-EOLFTI;CUST-CHWYPJ;CUST-ZKYQDX;Upgrade Service;9;20-01-2025;Email
CUST-FOZFLR;CUST-DKUZEJ;CUST-NMPIAT;New Installation;9;21-01-2025;Email
CUST-IMFAVQ;CUST-SDMHQJ;CUST-VYRDKK;Upgrade Service;8;22-01-2025;Email
CUST-ZKGA0Y;CUST-LHHFXX;CUST-QCYRZC;Upgrade Service;9;23-01-2025;SMS
CUST-ZBOLNU;CUST-HAFUDN;CUST-DGVGUB;Cancellation;7;24-01-2025;Phone
CUST-BWAMNS;CUST-WWYGFY;CUST-EGBXJH;New Installation;8;25-01-2025;Email
CUST-NZZOCC;CUST-KZCKQZ;CUST-TGVTVO;Cancellation;9;26-01-2025;Email
CUST-MNKPLR;CUST-QCESUJ;CUST-MCIJZB;New Installation;7;27-01-2025;Email
CUST-JJYQUW;CUST-BPZUNC;CUST-MEYWRS;Technical Support;9;28-01-2025;SMS
CUST-ZKYMKS;CUST-KDMJDZ;CUST-MCZJSG;New Installation;8;29-01-2025;Phone
CUST-HCFZEL;CUST-FCGIRG;CUST-UZBBYQ;Upgrade Service;8;30-01-2025;Phone
CUST-DRPDYX;CUST-EQLGQQ;CUST-KACIOZ;New Installation;6;31-01-2025;SMS
CUST-CAXZLO;CUST-PVKDBF;CUST-ZVCXXY;New Installation;9;01-02-2025;Email
CUST-YXUXPB;CUST-KJWNWH;CUST-RPEEOI;Billing Issue;8;02-02-2025;SMS
CUST-GAYSWR;CUST-ZKGLOG;CUST-RJTSZX;Upgrade Service;9;03-02-2025;Phone
CUST-SKZZOD;CUST-GBVNSG;CUST-CSROQX;Technical Support;9;04-02-2025;Email
CUST-HKFCKU;CUST-IXUGVN;CUST-VYRDKK;Billing Issue;8;05-02-2025;Email
CUST-HVDGYF;CUST-RJLPNI;CUST-LEQNLW;New Installation;7;06-02-2025;SMS
CUST-DVLDKT;CUST-DAYGHS;CUST-AXUXDS;Technical Support;9;07-02-2025;Email
CUST-KLONBR;CUST-WCPNGF;CUST-ODIDQO;Technical Support;8;08-02-2025;Email
CUST-YOJTRV;CUST-HCNVCE;CUST-LZBQEB;Cancellation;8;09-02-2025;Phone
CUST-FEMLUL;CUST-ENQBOG;CUST-RPEEOI;Billing Issue;8;10-02-2025;Email
CUST-EGVGLU;CUST-SAUQNR;CUST-GDLUQS;Technical Support;9;11-02-2025;Phone
CUST-QHLEDL;CUST-YUBLAQ;CUST-IIIDVS;Cancellation;8;12-02-2025;Phone
CUST-KONYFS;CUST-UASKJU;CUST-DPSJDG;Cancellation;8;13-02-2025;SMS
CUST-WKDYMP;CUST-WKBGEE;CUST-ZPKERW;Technical Support;8;14-02-2025;Email
CUST-CLHYLG;CUST-VMKQGG;CUST-RZJNGR;New Installation;8;15-02-2025;SMS
CUST-CCFDDU;CUST-KZCKQZ;CUST-URGGYZ;Cancellation;8;16-02-2025;Email
CUST-WLMFZJ;CUST-PDBGOS;CUST-QTJHLX;Cancellation;7;17-02-2025;Email
CUST-XLNPGO;CUST-MDZUYJ;CUST-LGKCFH;Billing Issue;9;18-02-2025;Phone
CUST-NPKHPJ;CUST-FRIDUZ;CUST-AJNVFL;Upgrade Service;9;19-02-2025;Phone
CUST-AGIWAP;CUST-XLMHAO;CUST-ICKXEA;Upgrade Service;9;20-02-2025;Email
CUST-RFJBRU;CUST-OZLJLY;CUST-UGJEVD;Technical Support;9;21-02-2025;Email
CUST-CRKQBX;CUST-XMKBTE;CUST-DYCFAS;Cancellation;9;22-02-2025;Email
CUST-JJZWZU;CUST-JTIFFT;CUST-UMXUUK;Technical Support;7;23-02-2025;SMS
CUST-CZJHNC;CUST-DYHJGD;CUST-LMCIZQ;Cancellation;8;24-02-2025;SMS
CUST-BCACRI;CUST-PHACXM;CUST-WNFWPM;Technical Support;7;25-02-2025;SMS
CUST-CWANCR;CUST-BCCMTX;CUST-AGKVWG;Billing Issue;9;26-02-2025;Phone
CUST-PGROHC;CUST-TGAEYN;CUST-TTCBQI;Technical Support;9;27-02-2025;Phone
CUST-DDCGAF;CUST-TACBZC;CUST-ZEQZDJ;Cancellation;7;28-02-2025;Phone
CUST-MQMYOV;CUST-YKWDPO;CUST-YVZZHN;Technical Support;7;01-03-2025;Email
CUST-IZDEIN;CUST-BDCVYC;CUST-VSISDQ;New Installation;5;02-03-2025;Phone
CUST-MIKTDT;CUST-KFUHKG;CUST-RWJGSY;Billing Issue;9;03-03-2025;SMS
CUST-SVWVLT;CUST-QVJCQL;CUST-GICCWE;Upgrade Service;8;04-03-2025;Phone
CUST-XJMUWG;CUST-QEZCVV;CUST-MRFZTW;New Installation;8;05-03-2025;SMS
CUST-HLURGY;CUST-YPDYNA;CUST-LMBZKC;Upgrade Service;8;06-03-2025;SMS
CUST-FGIEQT;CUST-VYLDOZ;CUST-FAOLQJ;New Installation;6;07-03-2025;Phone
CUST-AFWNFX;CUST-UGNXRG;CUST-TEFYPD;New Installation;8;08-03-2025;SMS
CUST-IPHWJD;CUST-LMOAQJ;CUST-FWUBOS;Upgrade Service;9;09-03-2025;Phone
CUST-AIMZBN;CUST-BPHUUC;CUST-MMGJOB;Cancellation;9;10-03-2025;Email
CUST-MEPTOX;CUST-MBGHKK;CUST-FPGOKA;Technical Support;8;11-03-2025;Phone
CUST-ROKKAT;CUST-XWMM0V;CUST-MKAWWS;Technical Support;8;12-03-2025;SMS
CUST-ZBZWFY;CUST-LHHFXX;CUST-NHZKIF;Technical Support;9;13-03-2025;SMS
CUST-KVZRAI;CUST-KWZYMD;CUST-RIKTNE;Upgrade Service;9;14-03-2025;SMS
CUST-ENTPQV;CUST-KNYRYH;CUST-RXOSYP;Technical Support;9;15-03-2025;Phone
CUST-SPIWFC;CUST-ZMBPFR;CUST-AINPUE;Upgrade Service;9;16-03-2025;Phone
CUST-0FIFKB;CUST-QCDXZN;CUST-WADGCO;Upgrade Service;9;17-03-2025;Email
CUST-QQBOEG;CUST-CXBDKJ;CUST-KWIMTF;Billing Issue;9;18-03-2025;SMS
CUST-FNQGVL;CUST-OKIAWP;CUST-UNPHGE;Billing Issue;7;19-03-2025;SMS
CUST-BEEDJS;CUST-TUQHIJ;CUST-NFWOGZ;Cancellation;5;20-03-2025;SMS
CUST-RZSVVZ;CUST-UGNXRG;CUST-MT0PMJ;Cancellation;7;21-03-2025;SMS
CUST-UPXYRO;CUST-IHTTWQ;CUST-QDLOCY;Technical Support;8;22-03-2025;SMS
CUST-LGZPCF;CUST-ZZQTAV;CUST-NQFQXE;Billing Issue;9;23-03-2025;Phone
CUST-YMECJM;CUST-XSDDEV;CUST-THVCUK;Billing Issue;9;24-03-2025;Phone
CUST-TWWGNI;CUST-DTXMMO;CUST-ZVCXXY;Upgrade Service;8;25-03-2025;SMS
CUST-WEDMNR;CUST-DUKUTK;CUST-VVTFAC;Billing Issue;7;26-03-2025;SMS
CUST-OAGBDD;CUST-SOXWMJ;CUST-QDLOCY;Billing Issue;7;27-03-2025;Phone
CUST-GMWUGN;CUST-DNVFKA;CUST-FBSCIV;New Installation;5;28-03-2025;Email
CUST-SILLLR;CUST-TKZFVN;CUST-XNSZAK;Technical Support;9;29-03-2025;SMS
CUST-MNDAZA;CUST-THKGFA;CUST-OPMBGS;Cancellation;7;30-03-2025;Email
CUST-RPYYIA;CUST-BFXGWJ;CUST-MYTSR0;Billing Issue;9;31-03-2025;SMS
CUST-FSWSFB;CUST-AFFSNF;CUST-MJVMKX;Upgrade Service;9;01-04-2025;SMS
CUST-ATTGFF;CUST-ADQUHG;CUST-MOHUTR;Technical Support;7;02-04-2025;Email
CUST-HJMVKP;CUST-GXRFRI;CUST-GDVTQL;Cancellation;7;03-04-2025;SMS
CUST-UWANCV;CUST-MSPOOR;CUST-LCVXCQ;Cancellation;8;04-04-2025;SMS
CUST-ZYNBXG;CUST-RHXYTK;CUST-UOMEJJ;New Installation;5;05-04-2025;SMS
CUST-ITULPD;CUST-EXHGCU;CUST-ARNLIK;Technical Support;9;06-04-2025;Email
CUST-IREGLK;CUST-FRAXZS;CUST-FQHJAT;Billing Issue;9;07-04-2025;Email
CUST-FBDKUA;CUST-KVGKCD;CUST-AOUUMY;Billing Issue;8;08-04-2025;Phone
CUST-WTMJLL;CUST-DBYADB;CUST-IUMWJG;Technical Support;9;09-04-2025;SMS
CUST-UQZERA;CUST-HFOUOI;CUST-NJSWJE;Billing Issue;7;10-04-2025;Phone
CUST-CYYACA;CUST-MGGOBL;CUST-CMTQJK;Cancellation;7;11-04-2025;Email
CUST-SVXDOX;CUST-DCSOCL;CUST-CSZPJK;New Installation;7;12-04-2025;Email
CUST-RFYIEV;CUST-GKHFIY;CUST-FVHXLJ;Cancellation;9;13-04-2025;Email
CUST-MFKXVK;CUST-LUXHPK;CUST-AREIBK;New Installation;5;14-04-2025;Phone
CUST-GXWPZF;CUST-SCKXVX;CUST-GAMIHC;Technical Support;8;15-04-2025;Phone
CUST-EIUMLQ;CUST-AFFSNF;CUST-QGPHPJ;Billing Issue;6;16-04-2025;Phone
CUST-ONKAVO;CUST-ULOWJA;CUST-ZWFMGW;Upgrade Service;8;17-04-2025;Phone
CUST-JGBDSP;CUST-MLCHWG;CUST-QCYRZC;New Installation;8;18-04-2025;Email
CUST-NUAETN;CUST-GXRFRI;CUST-KDTVBO;Billing Issue;9;19-04-2025;Phone
CUST-YXGGZG;CUST-LKUZJT;CUST-WUHRMD;Technical Support;7;20-04-2025;Email
CUST-ZQKFBG;CUST-PZGBXB;CUST-XFQXFQ;Billing Issue;9;21-04-2025;Phone
CUST-FOHWCH;CUST-XOHLVD;CUST-KGHAPO;New Installation;6;22-04-2025;Email
CUST-UIMXIV;CUST-NEHKHX;CUST-TLREBT;Billing Issue;8;23-04-2025;SMS
CUST-UBYMQD;CUST-HCBSEU;CUST-MNPKEF;Cancellation;7;24-04-2025;Email
CUST-KPNVLY;CUST-IIGGGS;CUST-OAREHR;Billing Issue;7;25-04-2025;SMS
CUST-XRLTFV;CUST-RHAJJC;CUST-DBIGUF;New Installation;9;26-04-2025;Phone
CUST-HELIBV;CUST-SXQGJD;CUST-AOOVTX;New Installation;7;27-04-2025;Email
CUST-WUVWEF;CUST-ZGTQAF;CUST-ORFXWP;Technical Support;9;28-04-2025;SMS
CUST-TOVHDN;CUST-EXHGCU;CUST-JBLBZZ;New Installation;8;29-04-2025;Email
CUST-YXEGPL;CUST-CJEXHT;CUST-QSSOJT;Billing Issue;7;30-04-2025;Phone
CUST-ZLNKOF;CUST-RRTFGE;CUST-XQOPNV;Upgrade Service;9;01-05-2025;SMS
CUST-ZJWNRF;CUST-XSDDEV;CUST-XKDSDS;Billing Issue;9;02-05-2025;SMS
CUST-MZZZVW;CUST-NYJGMM;CUST-RHMDSF;Billing Issue;8;03-05-2025;Phone
CUST-RWWIWV;CUST-MGPXOM;CUST-YOEJCY;Billing Issue;9;04-05-2025;Phone
CUST-XDJDJB;CUST-OOEKPO;CUST-GLBPNL;Technical Support;9;05-05-2025;Phone
CUST-XMSEUZ;CUST-VDOXYT;CUST-NYNFMU;Billing Issue;7;06-05-2025;SMS
CUST-GMQVEI;CUST-VSVZTH;CUST-UBXTFH;New Installation;8;07-05-2025;SMS
CUST-GQVVCR;CUST-YFBUOE;CUST-UKBPYR;Technical Support;9;08-05-2025;Email
CUST-BSJQML;CUST-JVXCRF;CUST-ZNPBGW;Technical Support;8;09-05-2025;Phone
CUST-XBKSOZ;CUST-CHWYPJ;CUST-GVEEIN;Cancellation;7;10-05-2025;SMS
CUST-NYEWDL;CUST-ASZDCH;CUST-IJDDYH;Cancellation;7;11-05-2025;SMS
CUST-LCRDYU;CUST-PQKFIQ;CUST-LUNPOJ;Upgrade Service;8;12-05-2025;Email
CUST-JDTRIJ;CUST-IBOXFG;CUST-FKTDMU;Cancellation;8;13-05-2025;Phone
CUST-KFZFBA;CUST-MJAYVB;CUST-HYAAAF;Billing Issue;9;14-05-2025;SMS
CUST-CRHUYI;CUST-MKJSZS;CUST-RQRVHU;Billing Issue;8;15-05-2025;Phone
CUST-U0ABXI;CUST-EBESWD;CUST-QDLOCY;Cancellation;9;16-05-2025;Phone
CUST-SSMSKP;CUST-ULONWZ;CUST-RUXGEP;Billing Issue;9;17-05-2025;SMS
CUST-AMUCRT;CUST-XDMPUD;CUST-QDILUD;New Installation;7;18-05-2025;SMS
CUST-OZKEBG;CUST-UQWBIQ;CUST-ESEDCI;Technical Support;7;19-05-2025;Phone
CUST-RBIULM;CUST-JLSIJN;CUST-JRYHBJ;Upgrade Service;9;20-05-2025;Email
CUST-VHAZYE;CUST-FWYGPK;CUST-WVURXP;Cancellation;8;21-05-2025;Phone
CUST-FJEIUW;CUST-QCDXZN;CUST-ZDQURU;Upgrade Service;9;22-05-2025;SMS
CUST-LLWQUN;CUST-XHZIWL;CUST-VVBTXS;Technical Support;8;23-05-2025;Phone
CUST-MQVUID;CUST-OVZMXB;CUST-ECKWEH;Cancellation;7;24-05-2025;SMS
CUST-DMWAAD;CUST-IIGGGS;CUST-ZLCFPZ;Upgrade Service;8;25-05-2025;Email
CUST-MSUOTI;CUST-VDOXYT;CUST-AGKVWG;New Installation;6;26-05-2025;SMS
CUST-ZAMNAN;CUST-EQJHOG;CUST-ORFXWP;Cancellation;8;27-05-2025;SMS
CUST-NCUGUV;CUST-TVDOJG;CUST-DBXJWT;New Installation;6;28-05-2025;Phone
CUST-PJMRTM;CUST-XMKBTE;CUST-SNNINW;Cancellation;7;29-05-2025;SMS
CUST-OMJAAN;CUST-EXHGCU;CUST-PQLDZL;New Installation;5;30-05-2025;Email
CUST-VLXNFT;CUST-NQIVTC;CUST-GYUCUG;Technical Support;9;31-05-2025;Phone
CUST-XCTLCD;CUST-BVHVQR;CUST-BRUNWL;New Installation;6;01-06-2025;Phone
CUST-NCKUTQ;CUST-ZCZTOI;CUST-QKIRCK;Technical Support;8;02-06-2025;SMS
CUST-OXBBCZ;CUST-VZVPBN;CUST-OSFHQI;Upgrade Service;8;03-06-2025;Email
CUST-TPCSPJ;CUST-QAVMBM;CUST-DGVGUB;Cancellation;9;04-06-2025;Email
CUST-FLXCIC;CUST-FXLDEC;CUST-AJNVFL;Cancellation;8;05-06-2025;Email
CUST-ACMRLZ;CUST-XOODPV;CUST-GIQTHM;Billing Issue;7;06-06-2025;Email
CUST-KIDGHY;CUST-XPETTM;CUST-THKLOC;Upgrade Service;8;07-06-2025;Email
CUST-YGNANX;CUST-NAWWUX;CUST-GMWYKI;Billing Issue;9;08-06-2025;Phone
CUST-PXKRCS;CUST-YMTDAQ;CUST-XVIICH;Technical Support;7;09-06-2025;Email
CUST-QXQELX;CUST-NQFIYO;CUST-AAMZGD;Billing Issue;9;10-06-2025;Phone
CUST-JDUMEE;CUST-KCKQYE;CUST-OSGWPN;Cancellation;9;11-06-2025;Email
CUST-WJOTHP;CUST-DBYADB;CUST-NUQTFR;Upgrade Service;8;12-06-2025;Email
CUST-LBSRVI;CUST-AQOPNN;CUST-DMYQGM;Billing Issue;9;13-06-2025;Email
CUST-GZHNPI;CUST-GWVHTV;CUST-DREXPB;Technical Support;9;14-06-2025;SMS
CUST-CTAKBW;CUST-MLCHWG;CUST-MXHIRY;Technical Support;7;15-06-2025;Phone
CUST-KQRCGR;CUST-YPD0A0;CUST-NQFQXE;New Installation;8;16-06-2025;Email
CUST-YHIZOR;CUST-BFXGWJ;CUST-NDPENJ;Upgrade Service;9;17-06-2025;Phone
CUST-MVASVD;CUST-YIIUJR;CUST-YXBHTW;Cancellation;4;18-06-2025;Email
CUST-WWORCA;CUST-RJJVTW;CUST-ARNLIK;Technical Support;7;19-06-2025;Phone
CUST-ICWYCU;CUST-KHFNCO;CUST-ETKANX;Upgrade Service;8;20-06-2025;Email
CUST-VASYEM;CUST-YUVQYY;CUST-YFPTYQ;Upgrade Service;9;21-06-2025;Phone
CUST-ZBENJC;CUST-EFWEPI;CUST-PAEDKH;New Installation;8;22-06-2025;SMS
CUST-QRIUHK;CUST-ZBNMQD;CUST-YUVUZS;Cancellation;9;23-06-2025;Phone
CUST-VAHAFR;CUST-TILJTQ;CUST-XCERZH;Upgrade Service;8;24-06-2025;Phone
CUST-HQOTIJ;CUST-LRQNCG;CUST-EROIXL;Billing Issue;7;25-06-2025;SMS
CUST-CFLCNF;CUST-GOHDBW;CUST-UNPHGE;Cancellation;7;26-06-2025;Email
CUST-EYIAVE;CUST-RMKAGA;CUST-ISIPHW;Cancellation;8;27-06-2025;Phone
CUST-WBVDBT;CUST-WWMUHA;CUST-CMTQJK;Technical Support;8;28-06-2025;SMS
CUST-VIPKJC;CUST-FXUNOJ;CUST-OGOOLA;Cancellation;9;29-06-2025;Phone
CUST-OCAQZO;CUST-KJTULL;CUST-AKVKJZ;Cancellation;9;30-06-2025;Phone
CUST-ZKDVAT;CUST-UUBKKI;CUST-WKDTZF;Cancellation;8;01-07-2025;Phone
CUST-TZBQOT;CUST-GSMMUO;CUST-FZEBAJ;New Installation;9;02-07-2025;SMS
CUST-ZGFKWX;CUST-EEBGRX;CUST-PNRHQF;New Installation;7;03-07-2025;Phone
CUST-XRCQRH;CUST-ZDGWGS;CUST-ZE0MJN;Technical Support;7;04-07-2025;Email
CUST-HGAFCD;CUST-PFGMXH;CUST-JBLBZZ;Billing Issue;8;05-07-2025;Email
CUST-CUBSAQ;CUST-SSCABG;CUST-NRQQDT;Technical Support;9;06-07-2025;Email
CUST-LTWFYW;CUST-JSJXXR;CUST-CXUYVQ;Billing Issue;9;07-07-2025;Phone
CUST-IKOZPU;CUST-CCUHQB;CUST-JOAWUZ;Upgrade Service;8;08-07-2025;Phone
CUST-ZJYTCQ;CUST-ZUCXJW;CUST-TJZWFQ;New Installation;7;09-07-2025;Phone
CUST-RIBLQC;CUST-DVYQGK;CUST-RQZSAE;Billing Issue;9;10-07-2025;Phone
CUST-VEOEZN;CUST-EXEPUG;CUST-PQLDZL;Billing Issue;8;11-07-2025;Email
CUST-BOBHCQ;CUST-LBNHLM;CUST-NGBHOD;New Installation;8;12-07-2025;SMS
CUST-GMKIYM;CUST-IRRRJG;CUST-QFIVHT;Billing Issue;7;13-07-2025;Email
CUST-VDKBHI;CUST-DEIEWN;CUST-LTJLSM;Technical Support;7;14-07-2025;Email
CUST-BSVKGZ;CUST-DTXMMO;CUST-AOMYKN;New Installation;6;15-07-2025;SMS
CUST-WDQRTM;CUST-KCKQYE;CUST-ARNLIK;Cancellation;8;16-07-2025;Phone
CUST-PTRGSH;CUST-ENIBRB;CUST-XPZJUF;Cancellation;8;17-07-2025;Email
CUST-SDRYYB;CUST-HPPBTX;CUST-XEFRZZ;Cancellation;7;18-07-2025;Phone
CUST-NDQMAO;CUST-DNUNPV;CUST-DHKQJK;Technical Support;9;19-07-2025;SMS
CUST-QRMYKC;CUST-JGCRVX;CUST-SYKHYT;Upgrade Service;9;20-07-2025;Email
CUST-HCERSX;CUST-DAYGHS;CUST-XATTZX;Upgrade Service;8;21-07-2025;SMS
CUST-SBQIVL;CUST-DICFBV;CUST-EGUE0K;Technical Support;7;22-07-2025;Phone
CUST-LKXZKW;CUST-EBQWDR;CUST-AYAHUT;Billing Issue;8;23-07-2025;SMS
CUST-GZFIFF;CUST-DRJAHY;CUST-HPUAPU;Billing Issue;9;24-07-2025;Phone
CUST-WPGIIJ;CUST-AIWEGH;CUST-AWVDVT;Technical Support;9;25-07-2025;Phone
CUST-ABDDQH;CUST-SNEUBT;CUST-RCJIYS;New Installation;6;26-07-2025;Email
CUST-LQSSBE;CUST-0QFIEJ;CUST-KKDVPW;New Installation;8;27-07-2025;SMS
CUST-IOCZJC;CUST-KFUHKG;CUST-JJQSWH;Upgrade Service;8;28-07-2025;SMS
CUST-DQCNHB;CUST-OJAJKO;CUST-RDGUBY;New Installation;9;29-07-2025;SMS
CUST-RLIUTW;CUST-PCKIPI;CUST-XSHUHN;Upgrade Service;9;30-07-2025;Phone
CUST-HCKMED;CUST-RDXCCI;CUST-BQDVPR;Billing Issue;8;31-07-2025;Phone
CUST-GXCMKA;CUST-ZNYCRP;CUST-GXYZQE;New Installation;8;01-08-2025;SMS
CUST-KSDDGL;CUST-PWHZRU;CUST-SJPXNV;Upgrade Service;9;02-08-2025;SMS
CUST-NTYMPL;CUST-VWXHHP;CUST-WLXHNT;Billing Issue;9;03-08-2025;Email
CUST-QDUAFA;CUST-WCVKWI;CUST-MOHUTR;New Installation;6;04-08-2025;Phone
CUST-ZBZXKG;CUST-GVSCAA;CUST-GINBAZ;Technical Support;7;05-08-2025;SMS
CUST-KMAAZM;CUST-FTZKRZ;CUST-UAIOTA;Technical Support;7;06-08-2025;SMS
CUST-ATBRFH;CUST-DXWBTH;CUST-ITXWOY;Billing Issue;9;07-08-2025;Phone
CUST-AZGCIX;CUST-GBSGJO;CUST-BCYPKE;New Installation;6;08-08-2025;SMS
CUST-EVDRDG;CUST-DMDCMY;CUST-MRNMEO;New Installation;7;09-08-2025;SMS
CUST-CYUKTH;CUST-YXSFWV;CUST-WPKVPH;Cancellation;7;10-08-2025;SMS
CUST-PUXHVL;CUST-0QFIEJ;CUST-EDDFYN;New Installation;8;11-08-2025;SMS
CUST-EYXVQR;CUST-VLZB0Y;CUST-ELHQXJ;Technical Support;7;12-08-2025;SMS
CUST-SHRLTE;CUST-FUKKFG;CUST-IIIDVS;Cancellation;8;13-08-2025;Phone
CUST-NIYDXC;CUST-QLCHOB;CUST-BZXVDN;Technical Support;7;14-08-2025;SMS
CUST-DJYQGS;CUST-IVHCTA;CUST-GXSQWN;Cancellation;9;15-08-2025;Phone
CUST-KNBNXX;CUST-DWIFBM;CUST-KRKBJO;New Installation;9;16-08-2025;Email
CUST-QYQSBP;CUST-DICFBV;CUST-ABKUNP;Upgrade Service;2;17-08-2025;Email
CUST-PVFWCA;CUST-GVMUPS;CUST-SLXHSN;New Installation;6;18-08-2025;Email
CUST-RHKDPS;CUST-UYMUEM;CUST-HCMUMX;Billing Issue;9;19-08-2025;Email
CUST-PXUXKV;CUST-NPIAKW;CUST-OCWFXP;New Installation;7;20-08-2025;Phone
CUST-EWNONR;CUST-FVWVBM;CUST-TJZWFQ;Upgrade Service;9;21-08-2025;Email
CUST-NTYSAE;CUST-FUCXZL;CUST-AZCZHV;Technical Support;8;22-08-2025;Phone
CUST-LUOGQI;CUST-VYLDOZ;CUST-IIIDVS;Billing Issue;8;23-08-2025;SMS
CUST-AXDQVL;CUST-PCKIPI;CUST-MNPKEF;Upgrade Service;9;24-08-2025;Email
CUST-EQHOFS;CUST-EZGXJU;CUST-CNPDPM;Billing Issue;8;25-08-2025;Email
CUST-BMDJEP;CUST-ATTQVZ;CUST-FEZREI;New Installation;7;26-08-2025;Phone
CUST-GVMGSD;CUST-CMYCTP;CUST-JTKUMA;New Installation;5;27-08-2025;Email
CUST-PLGKCJ;CUST-NPNXUR;CUST-RRNCWC;Technical Support;8;28-08-2025;Phone
CUST-ERECAX;CUST-GOZBZA;CUST-PPJMAY;Technical Support;7;29-08-2025;Phone
CUST-JTIMJO;CUST-YHYXMT;CUST-EHGNDU;New Installation;9;30-08-2025;Phone
CUST-LXBRKF;CUST-LKJPCT;CUST-UYKHYY;Billing Issue;8;31-08-2025;Email
CUST-UYSVSK;CUST-WTEGFQ;CUST-FUSNVD;New Installation;8;01-09-2025;Email
CUST-MTOZBW;CUST-ZLTATA;CUST-KBRCEG;Cancellation;8;02-09-2025;Phone
CUST-ZQCHCN;CUST-DVMWBU;CUST-ZRABEU;New Installation;9;03-09-2025;Phone
CUST-WNYOXK;CUST-IHRWOR;CUST-NVFRMM;Cancellation;7;04-09-2025;SMS
CUST-HFHSHR;CUST-DPOYIH;CUST-VTLOJF;New Installation;9;05-09-2025;Phone
CUST-CMGTAT;CUST-NANNCD;CUST-GPXPZY;Billing Issue;7;06-09-2025;Phone
CUST-DDRNRR;CUST-QHIKHK;CUST-UBXTFH;Upgrade Service;8;07-09-2025;SMS
CUST-TFUOPP;CUST-WGWTPW;CUST-XFDVCZ;New Installation;7;08-09-2025;Phone
CUST-CWCCFW;CUST-MZAUJF;CUST-KUXCLC;Upgrade Service;9;09-09-2025;SMS
CUST-AJEZTK;CUST-DTXMMO;CUST-MXHIRY;Billing Issue;7;10-09-2025;SMS
CUST-ZOVDGA;CUST-NPIAKW;CUST-HCTHMU;Technical Support;8;11-09-2025;Email
CUST-THDJEF;CUST-ZVMXKM;CUST-DWUBDL;Cancellation;9;12-09-2025;Phone
CUST-VCJENT;CUST-KQPISI;CUST-EXEQNO;Upgrade Service;8;13-09-2025;Email
CUST-ODQYVU;CUST-ADQUHG;CUST-SIXMBE;Cancellation;8;14-09-2025;SMS
CUST-FOFITV;CUST-QIEVZO;CUST-KIBBIQ;Upgrade Service;8;15-09-2025;Phone
CUST-KDJLZV;CUST-GUOVKX;CUST-SFQZRD;Billing Issue;7;16-09-2025;Phone
CUST-ODRNWW;CUST-SGHWPM;CUST-TPXRHO;New Installation;6;17-09-2025;Email
CUST-NUTCAO;CUST-NAHFVZ;CUST-ZQTOCI;Upgrade Service;9;18-09-2025;Email
CUST-FMCZBC;CUST-LRQNCG;CUST-IQOUEM;Billing Issue;3;19-09-2025;Phone
CUST-NBXMNU;CUST-LHHFXX;CUST-XYPYLM;Billing Issue;7;20-09-2025;SMS
CUST-EZDQLN;CUST-JMZPOZ;CUST-CSROQX;Cancellation;9;21-09-2025;Phone
CUST-GVRWYI;CUST-PGBSBX;CUST-ADJYQY;Cancellation;7;22-09-2025;Phone
CUST-RUDADG;CUST-VDSRHI;CUST-GQDFPG;Upgrade Service;9;23-09-2025;Phone
CUST-AXWQXT;CUST-LLHKLP;CUST-AHPDGG;Billing Issue;9;24-09-2025;Email
CUST-XJFEHT;CUST-KJWNWH;CUST-UBBVIL;Upgrade Service;8;25-09-2025;SMS
CUST-ASNQKE;CUST-SMZOXR;CUST-JKZQFS;New Installation;9;26-09-2025;Email
CUST-CWJQAE;CUST-OZLJLY;CUST-LUQODW;Billing Issue;8;27-09-2025;SMS
CUST-CIAENU;CUST-BWRLAG;CUST-CCZVKW;Cancellation;7;28-09-2025;Email
CUST-KPXYBP;CUST-JOEAVK;CUST-GCOUJS;New Installation;8;29-09-2025;Phone
CUST-LTKYGZ;CUST-CQYRMJ;CUST-GLBPNL;Technical Support;7;30-09-2025;SMS
CUST-ZGTFOW;CUST-RNJKQJ;CUST-WQTSEL;New Installation;7;01-10-2025;Phone
CUST-JNWHJE;CUST-TZVJIZ;CUST-TWZMEN;New Installation;6;02-10-2025;Phone
CUST-PHEAZJ;CUST-EUIHOQ;CUST-OFVUWZ;Cancellation;8;03-10-2025;Phone
CUST-VCZYTY;CUST-SHFFFI;CUST-SSNABS;Billing Issue;9;04-10-2025;Phone
CUST-UCEBDN;CUST-QKIHVH;CUST-SYKHYT;Cancellation;9;05-10-2025;SMS
CUST-QVFSGQ;CUST-PHAQMD;CUST-IOJPZL;Billing Issue;7;06-10-2025;SMS
CUST-MTTSFZ;CUST-FRAXZS;CUST-XGDRVW;Upgrade Service;8;07-10-2025;SMS
CUST-LXSPEH;CUST-MOCWBR;CUST-SIXMBE;Billing Issue;9;08-10-2025;Phone
CUST-CQHQCI;CUST-IVAMMC;CUST-VJBNTA;Billing Issue;8;09-10-2025;Phone
CUST-GTEPSP;CUST-P000QT;CUST-AYNXCI;Technical Support;9;10-10-2025;SMS
CUST-IWKMRC;CUST-NWAMPW;CUST-XNLVMW;Technical Support;9;11-10-2025;SMS
CUST-TCQSLI;CUST-YOIYXU;CUST-DOGTZH;Billing Issue;9;12-10-2025;SMS
CUST-JQLOQF;CUST-FSXOID;CUST-YVZZHN;Billing Issue;7;13-10-2025;Phone
CUST-MTGOSJ;CUST-0PS0NU;CUST-QUHUSI;Technical Support;9;14-10-2025;Phone
CUST-RJTOHV;CUST-0PS0NU;CUST-HADRDS;Upgrade Service;8;15-10-2025;Email
CUST-QHNLMF;CUST-SPNGND;CUST-FBKLHU;New Installation;5;16-10-2025;Phone
CUST-LTIIEP;CUST-VMZNVC;CUST-JBLBZZ;Upgrade Service;9;17-10-2025;SMS
CUST-FOXJZM;CUST-EWZJVK;CUST-UGJEVD;Technical Support;8;18-10-2025;Phone
CUST-R0AJSH;CUST-DICFBV;CUST-RHBXPB;New Installation;5;19-10-2025;SMS
CUST-OSRMIT;CUST-DVQIAF;CUST-IMOSNZ;New Installation;9;20-10-2025;SMS
CUST-CJOCLN;CUST-BCSN0D;CUST-BZXVDN;Cancellation;7;21-10-2025;SMS
CUST-LOTPKJ;CUST-QHIKHK;CUST-EFKNHC;New Installation;9;22-10-2025;Phone
CUST-LMHKSH;CUST-YQQUYZ;CUST-GLNEEV;Cancellation;7;23-10-2025;Email
CUST-MCOTTE;CUST-KHJWOK;CUST-FASWYY;Upgrade Service;9;24-10-2025;Email
CUST-BPGCRV;CUST-JTIHIY;CUST-FKTDMU;Cancellation;8;25-10-2025;SMS
CUST-WDNIBR;CUST-GBHHNI;CUST-QCLDFZ;Technical Support;8;26-10-2025;Phone
CUST-XFZLIJ;CUST-PXTESN;CUST-EDDFYN;New Installation;7;27-10-2025;Email
CUST-QNXCYL;CUST-QAVMBM;CUST-NJPEUR;New Installation;7;28-10-2025;Phone
CUST-BFVMUO;CUST-VXLDWN;CUST-FBKLHU;Billing Issue;9;29-10-2025;SMS
CUST-KGNEKS;CUST-DCEHRQ;CUST-NJZUSQ;Cancellation;7;30-10-2025;SMS
CUST-YHCSZM;CUST-VXLDWN;CUST-RVCIEQ;New Installation;9;31-10-2025;Email
CUST-OLUIAW;CUST-UAUBYI;CUST-ARNLIK;New Installation;9;01-11-2025;Phone
CUST-AIASRA;CUST-HRYFVC;CUST-XDYVFU;Billing Issue;9;02-11-2025;Phone
CUST-KVURID;CUST-MHATCF;CUST-XVCFEM;Upgrade Service;9;03-11-2025;Phone
CUST-OKXAAY;CUST-AFQHWQ;CUST-MXIRIT;Technical Support;8;04-11-2025;Phone
CUST-YYLTXV;CUST-HYEQJW;CUST-IIORWL;New Installation;5;05-11-2025;SMS
CUST-AYJZZG;CUST-TYKDYX;CUST-UYQWPK;Billing Issue;8;06-11-2025;Phone
CUST-YHGWTT;CUST-UUTJQI;CUST-VMHRWW;New Installation;6;07-11-2025;SMS
CUST-IHZENN;CUST-LFYSRB;CUST-WADGCO;Cancellation;8;08-11-2025;Email
CUST-YKEVEM;CUST-BPHUUC;CUST-LIVOMZ;Cancellation;7;09-11-2025;SMS
CUST-SOXCPU;CUST-LRUTQF;CUST-0ZPKNB;Cancellation;7;10-11-2025;Email
CUST-SILXXX;CUST-LBLNML;CUST-ITOYGL;Billing Issue;9;11-11-2025;SMS
CUST-ECPHBS;CUST-YLHFJB;CUST-CWMEHB;Cancellation;7;12-11-2025;Phone
CUST-HISFZW;CUST-ZMVXOV;CUST-SHDOGL;Technical Support;9;13-11-2025;SMS
CUST-ONMAIX;CUST-GTAOTB;CUST-SHLAOY;Technical Support;8;14-11-2025;Email
CUST-COJVUJ;CUST-QFCYNY;CUST-SZUIBB;Billing Issue;7;15-11-2025;SMS
CUST-TPONLK;CUST-MVGFEH;CUST-FSJTOW;Upgrade Service;8;16-11-2025;Email
CUST-XZDNMU;CUST-KODHFY;CUST-QMWKRN;Billing Issue;8;17-11-2025;Email
CUST-PPCYVG;CUST-WWOFAL;CUST-MXIRIT;Upgrade Service;8;18-11-2025;Phone
CUST-DHPYMZ;CUST-XNEAWP;CUST-JBLBZZ;Billing Issue;8;19-11-2025;Phone
CUST-VYUPYW;CUST-EOUSHW;CUST-AOMYKN;Upgrade Service;9;20-11-2025;Phone
CUST-VBOQUH;CUST-JOEAVK;CUST-RFYJFT;Billing Issue;8;21-11-2025;Email
CUST-GEOEIE;CUST-THKGFA;CUST-ANXOGY;Upgrade Service;5;22-11-2025;Email
CUST-TNVKVY;CUST-BIVXZS;CUST-HWNFTV;Cancellation;9;23-11-2025;SMS
CUST-ICZXTO;CUST-ZKGLOG;CUST-XNLVMW;New Installation;8;24-11-2025;Phone
CUST-YVHOTK;CUST-SVZRPL;CUST-WWMIHR;Upgrade Service;8;25-11-2025;Email
CUST-GGOIIC;CUST-ZTTLAD;CUST-HAQRBT;Upgrade Service;9;26-11-2025;Email
CUST-PRJVZB;CUST-CZNFXM;CUST-GQAYMV;Billing Issue;7;27-11-2025;SMS
CUST-OBMGUW;CUST-YFFCIN;CUST-LYQSPO;New Installation;7;28-11-2025;Email
CUST-EBQFOW;CUST-MENOFI;CUST-HPUAPU;Upgrade Service;9;29-11-2025;Email
CUST-JFRXEO;CUST-ZNYCRP;CUST-PWKDCJ;Billing Issue;7;30-11-2025;SMS
CUST-TZGLSZ;CUST-LUWPQS;CUST-PXJHVP;New Installation;6;01-12-2025;SMS
CUST-JLBLCT;CUST-POPCVV;CUST-UAEUCL;Upgrade Service;8;02-12-2025;SMS
CUST-NZLIHL;CUST-HWATOI;CUST-RJHSOH;Upgrade Service;8;03-12-2025;Email
CUST-YQPGTE;CUST-BYOGRN;CUST-TITAAY;New Installation;8;04-12-2025;Phone
CUST-ZWSJYG;CUST-JOSRNO;CUST-YKXVJU;Billing Issue;9;05-12-2025;Phone
CUST-EGRCSV;CUST-RDLGMG;CUST-MZOIAM;Billing Issue;8;06-12-2025;Email
CUST-XCNVHX;CUST-TZRLJT;CUST-ECZXQC;Cancellation;9;07-12-2025;Email
CUST-QUFQLR;CUST-QFCYNY;CUST-PHIJZP;New Installation;7;08-12-2025;Email
CUST-GQFYPZ;CUST-GLBAGE;CUST-KZRSSI;New Installation;9;09-12-2025;Phone
CUST-DGQAXI;CUST-CAWEZD;CUST-YICRTN;Technical Support;7;10-12-2025;SMS
CUST-KLTLDV;CUST-CHWYPJ;CUST-MZOIAM;Billing Issue;7;11-12-2025;SMS
CUST-QYUVFP;CUST-DAYGHS;CUST-GQAYMV;New Installation;6;12-12-2025;Email
CUST-KEFXXL;CUST-OHJLIZ;CUST-QDLOCY;Technical Support;8;13-12-2025;SMS
CUST-IOMNCJ;CUST-UEDNBV;CUST-WLXHNT;Upgrade Service;9;14-12-2025;Phone
CUST-KPZTZS;CUST-EUIHOQ;CUST-BJBPFB;Billing Issue;9;15-12-2025;SMS
CUST-UWEVTD;CUST-VLZJLO;CUST-DYEAEV;Billing Issue;8;16-12-2025;Phone
CUST-ZQH0AV;CUST-FYOLMT;CUST-CKOMHP;New Installation;7;17-12-2025;Phone
CUST-NZFDIG;CUST-PQYLMJ;CUST-FEMNXA;Upgrade Service;9;18-12-2025;SMS
CUST-NMBGWA;CUST-YXSFWV;CUST-ALILHN;Cancellation;9;19-12-2025;Email
CUST-CCQUCO;CUST-RJLPNI;CUST-HPUAPU;Billing Issue;8;20-12-2025;Email
CUST-GLEOGO;CUST-QZQZOE;CUST-PMOQLQ;Technical Support;7;21-12-2025;Phone
CUST-JWCCSR;CUST-EXHGCU;CUST-CWSOIA;Billing Issue;9;22-12-2025;SMS
CUST-ENYQXK;CUST-KLQSAJ;CUST-CEZQUW;Billing Issue;7;23-12-2025;SMS
CUST-VHVUVE;CUST-CCXXDH;CUST-WWYBMC;Technical Support;8;24-12-2025;Phone
CUST-ZQGKFJ;CUST-QCESUJ;CUST-ZUJDMB;Upgrade Service;9;25-12-2025;Email
CUST-QADJBX;CUST-HRPIY0;CUST-LHYNJH;New Installation;7;26-12-2025;Phone
CUST-ANWWWH;CUST-RCJTGQ;CUST-QDLRLX;New Installation;9;27-12-2025;Phone
CUST-RSSNQE;CUST-YFBUOE;CUST-UOXVZV;New Installation;7;28-12-2025;Email
CUST-MKDYZF;CUST-KHJWOK;CUST-WXQPVK;Billing Issue;7;29-12-2025;Email
CUST-VPUORX;CUST-IVMZMZ;CUST-GQAYMV;Cancellation;9;30-12-2025;Phone
CUST-ZKCCJV;CUST-OBLPLS;CUST-TYYAVT;New Installation;8;31-12-2025;Email
CUST-TIQYTA;CUST-CRFVZY;CUST-VMHRWW;Billing Issue;7;01-01-2026;SMS
CUST-MJJURS;CUST-PHTXOR;CUST-LBPEIS;Cancellation;7;02-01-2026;Email
CUST-RYHXOV;CUST-RBSQJY;CUST-MMWKYG;Technical Support;7;03-01-2026;SMS
CUST-OSACKI;CUST-XYJAEZ;CUST-ZUHIWS;New Installation;5;04-01-2026;Email
CUST-IXIJIZ;CUST-LNBTBO;CUST-ZSITKJ;Technical Support;8;05-01-2026;Phone
CUST-SJCYDX;CUST-SYASAA;CUST-SXPVWF;Billing Issue;8;06-01-2026;SMS
CUST-AVTDZL;CUST-WWMUHA;CUST-CEZQUW;Technical Support;1;07-01-2026;SMS
CUST-XOWVWW;CUST-MRJNDQ;CUST-SMOHQC;Upgrade Service;8;08-01-2026;Phone
CUST-MXUCEV;CUST-ZMBPFR;CUST-JKZQFS;Technical Support;9;09-01-2026;Email
CUST-LEGC0G;CUST-PGBSBX;CUST-DCZDWE;Upgrade Service;9;10-01-2026;Phone
CUST-IFDOYW;CUST-NPNXUR;CUST-HBSFEJ;Cancellation;7;11-01-2026;Phone
CUST-FAFUMQ;CUST-LTXPIN;CUST-IMOSNZ;Technical Support;8;12-01-2026;SMS
CUST-ZNNIKI;CUST-RMTMYP;CUST-YFPTYQ;Billing Issue;7;13-01-2026;SMS
CUST-DVITBN;CUST-TAGWHT;CUST-RYQRPR;Technical Support;8;14-01-2026;SMS
CUST-HNWJSA;CUST-CAAFCG;CUST-QJPEQK;Upgrade Service;8;15-01-2026;Phone
CUST-RDMRTF;CUST-EPMJJZ;CUST-KHDJBB;Upgrade Service;9;16-01-2026;Phone
CUST-FPKZYC;CUST-WHAKCY;CUST-MCIJZB;Upgrade Service;8;17-01-2026;SMS
CUST-KAVABA;CUST-RAYJ0S;CUST-CZRNBU;New Installation;5;18-01-2026;SMS
CUST-HBEQBN;CUST-KTLVBE;CUST-NRQQDT;Upgrade Service;8;19-01-2026;Email
CUST-FRVQSE;CUST-NWOXAQ;CUST-ARNLIK;New Installation;7;20-01-2026;Email
CUST-R0NB0C;CUST-IJFSYZ;CUST-JRFQOJ;New Installation;5;21-01-2026;Email
CUST-KQXPCQ;CUST-GUOXOW;CUST-VVTFAC;New Installation;9;22-01-2026;Phone
CUST-FMNAJR;CUST-OILAIL;CUST-ZXYKVU;Technical Support;8;23-01-2026;SMS
CUST-GVEQIE;CUST-YAHBTE;CUST-GJTSNX;Upgrade Service;9;24-01-2026;SMS
CUST-WNIAIA;CUST-TNVUED;CUST-NEWHHF;New Installation;8;25-01-2026;Email
CUST-VKTCAQ;CUST-KZCKQZ;CUST-UAQPZU;Technical Support;7;26-01-2026;Email
CUST-BKZVHI;CUST-QFKIWK;CUST-QCXOSS;New Installation;5;27-01-2026;Email
CUST-CDEVFM;CUST-VWXHHP;CUST-UNPHGE;Upgrade Service;9;28-01-2026;Phone
CUST-NBHRAW;CUST-MRJNDQ;CUST-FYUVMN;Cancellation;8;29-01-2026;Email
CUST-JSEJEO;CUST-EQJHOG;CUST-MSXOVP;Technical Support;9;30-01-2026;SMS
CUST-XMOFUA;CUST-PANJSA;CUST-LEQNLW;Technical Support;9;31-01-2026;Email
CUST-DYFUNZ;CUST-RHXYTK;CUST-RGDDTT;Cancellation;7;01-02-2026;Email
CUST-MITVDH;CUST-CILAPX;CUST-IGEYAB;Technical Support;8;02-02-2026;Email
CUST-VMHRCA;CUST-QIBPYP;CUST-TQBUDP;New Installation;6;03-02-2026;Email
CUST-ZVQRHH;CUST-DUKUTK;CUST-GTMEGI;Billing Issue;9;04-02-2026;SMS
CUST-BUMHPF;CUST-YPD0A0;CUST-MIHXUE;Cancellation;7;05-02-2026;SMS
CUST-VDEWJD;CUST-NEHKHX;CUST-NEGINT;Cancellation;7;06-02-2026;SMS
CUST-MEBISF;CUST-KJWNWH;CUST-LBLQJH;Upgrade Service;8;07-02-2026;Email
CUST-BAXSUM;CUST-SXEAWW;CUST-QPXZTZ;Upgrade Service;9;08-02-2026;Phone
CUST-MIYSBO;CUST-ISBIX0;CUST-COIVGK;Cancellation;8;09-02-2026;SMS
CUST-XAQJVR;CUST-NIMLZA;CUST-RDGUBY;Upgrade Service;9;10-02-2026;Phone
CUST-JQJNLZ;CUST-QCTBWO;CUST-FRNFTS;Technical Support;8;11-02-2026;Phone
CUST-DLXRVQ;CUST-KVGKCD;CUST-YKKMSO;Technical Support;7;12-02-2026;SMS
CUST-NUEMNN;CUST-UWATBM;CUST-ZEQZDJ;Billing Issue;7;13-02-2026;SMS
CUST-TNUZJO;CUST-XSJAAL;CUST-TQBUDP;Cancellation;8;14-02-2026;Phone
CUST-ZZTTXG;CUST-IOWJHS;CUST-HZZOHB;Upgrade Service;9;15-02-2026;Phone
CUST-RZGUEM;CUST-HPPBTX;CUST-SXPVWF;Cancellation;3;16-02-2026;Email
CUST-YRVMSG;CUST-PANJSA;CUST-JRFQOJ;Technical Support;9;17-02-2026;Email
CUST-BPKWTF;CUST-ALLCPB;CUST-IQOUEM;Technical Support;7;18-02-2026;Phone
CUST-ZRWQLR;CUST-VLZB0Y;CUST-ENEVMR;Cancellation;9;19-02-2026;Email
CUST-KNZAXK;CUST-SAUQNR;CUST-RYHJWG;Billing Issue;9;20-02-2026;SMS
CUST-JXMZTU;CUST-AGCDWV;CUST-XWWTYG;New Installation;8;21-02-2026;SMS
CUST-XCSDCE;CUST-DINJBI;CUST-DRCQQI;Cancellation;8;22-02-2026;Email
CUST-LVDDVG;CUST-JEIILL;CUST-MTJGBM;Upgrade Service;8;23-02-2026;Email
CUST-DVTHNV;CUST-XNEAWP;CUST-ENEVMR;New Installation;6;24-02-2026;Phone
CUST-FEKFQQ;CUST-XYWSFR;CUST-IMPHIZ;Billing Issue;8;25-02-2026;SMS
CUST-CULPAB;CUST-JDQGZV;CUST-OSGWPN;Cancellation;9;26-02-2026;Email
CUST-PDVQUI;CUST-YGSALK;CUST-NFWOGZ;Technical Support;7;27-02-2026;Email
CUST-DKSRIF;CUST-UHMZOE;CUST-AEZNSH;New Installation;7;28-02-2026;Email
CUST-DTXARN;CUST-ZWSBLO;CUST-IUOWOB;Upgrade Service;3;01-03-2026;Email
CUST-FIJDPD;CUST-ROSFWM;CUST-AGKXGX;Upgrade Service;8;02-03-2026;SMS
CUST-YWWCUN;CUST-TFEJMN;CUST-UAIOTA;Cancellation;8;03-03-2026;Email
CUST-MGRPXP;CUST-ODKJCE;CUST-AXUXDS;Cancellation;7;04-03-2026;Phone
CUST-FFHCOM;CUST-SZGPAO;CUST-HZZOHB;Cancellation;7;05-03-2026;Phone
CUST-ZLBFPH;CUST-KIPWRP;CUST-JD0CFK;Billing Issue;9;06-03-2026;SMS
CUST-RSDZPU;CUST-PXKUMZ;CUST-HEEMEQ;Upgrade Service;9;07-03-2026;SMS
CUST-NNSFYC;CUST-SAUQNR;CUST-JAPPDT;New Installation;8;08-03-2026;Phone
CUST-LEZYHF;CUST-BJUYFU;CUST-MDPNVB;New Installation;6;09-03-2026;Email
CUST-CPEQYO;CUST-DCBCIF;CUST-MIHXUE;Technical Support;9;10-03-2026;Phone
CUST-UUPNRM;CUST-GDWMSG;CUST-RSXMSH;Technical Support;2;11-03-2026;Email
CUST-KYIWJG;CUST-KVGKCD;CUST-ZUHIWS;Cancellation;9;12-03-2026;Email
CUST-CICNQX;CUST-DKUZEJ;CUST-AAMZGD;New Installation;5;13-03-2026;SMS
CUST-FSJSLE;CUST-KHSMPZ;CUST-JAKMAA;Technical Support;7;14-03-2026;SMS
CUST-TRORQQ;CUST-TNYLLI;CUST-GGSHRY;Technical Support;8;15-03-2026;SMS
CUST-ERERWK;CUST-USXYZF;CUST-COARTS;Billing Issue;8;16-03-2026;Email
CUST-SJVTSE;CUST-KAEPUB;CUST-ODJCOV;Cancellation;8;17-03-2026;SMS
CUST-HCFQTG;CUST-KZCKQZ;CUST-FJNYWS;Technical Support;8;18-03-2026;Phone
CUST-JWTSEF;CUST-LMOAQJ;CUST-INIHMI;Cancellation;7;19-03-2026;Email
CUST-ODFNOF;CUST-GXVXFY;CUST-HWHNLW;Technical Support;7;20-03-2026;Phone
CUST-TAJDZM;CUST-QUAITW;CUST-SWHNEW;Technical Support;9;21-03-2026;Email
CUST-VNROHS;CUST-TTKGFM;CUST-QSFRUS;Cancellation;9;22-03-2026;Email
CUST-UEJYGK;CUST-IKOGFN;CUST-VWCDJM;Technical Support;7;23-03-2026;Email
CUST-KAWAGX;CUST-VMZNVC;CUST-JWMWLU;New Installation;7;24-03-2026;Email
CUST-XOCQGY;CUST-KWZYMD;CUST-YNBFBR;Technical Support;9;25-03-2026;SMS
CUST-JECIVA;CUST-SSCABG;CUST-JJQSWH;New Installation;7;26-03-2026;SMS
CUST-WAKHYI;CUST-KHFNCO;CUST-TAIERA;Cancellation;9;27-03-2026;SMS
CUST-JNWBTP;CUST-SCKXVX;CUST-ZHHCSO;Billing Issue;7;28-03-2026;Phone
CUST-LWXLVS;CUST-UHVSCI;CUST-FUIJYO;Technical Support;9;29-03-2026;Email
CUST-UQYRNV;CUST-ELEFHO;CUST-CEWHTM;Upgrade Service;8;30-03-2026;Email
CUST-JLXNUN;CUST-IBOXFG;CUST-XEAOIG;New Installation;5;31-03-2026;SMS
CUST-UGIACT;CUST-EWKIHB;CUST-UMXUUK;New Installation;6;01-04-2026;Phone
CUST-HXKZIV;CUST-XYWSFR;CUST-U0FSKJ;Cancellation;9;02-04-2026;Phone
CUST-FUWKWK;CUST-PFSMEZ;CUST-WJGAYS;Billing Issue;9;03-04-2026;SMS
CUST-VAZKMP;CUST-DCEHRQ;CUST-LPGXXN;New Installation;6;04-04-2026;SMS
CUST-QKLHCU;CUST-ENQBOG;CUST-AGZYUQ;Billing Issue;7;05-04-2026;Email
CUST-FDLEFY;CUST-MENOFI;CUST-LKBOGE;Upgrade Service;9;06-04-2026;Phone
CUST-ZSGAZP;CUST-RJDCOJ;CUST-QTJHLX;Upgrade Service;8;07-04-2026;SMS
CUST-CYFSFM;CUST-SGYQGR;CUST-ZXVXMA;New Installation;5;08-04-2026;SMS
CUST-VBYISH;CUST-OLTCJM;CUST-MHIJZI;Billing Issue;7;09-04-2026;Phone
CUST-WWQLQW;CUST-KVGKCD;CUST-VIKLEY;Upgrade Service;8;10-04-2026;Phone
CUST-VI0GXH;CUST-ENQBOG;CUST-JBLBZZ;Upgrade Service;9;11-04-2026;Email
CUST-JUFKTN;CUST-KLADFR;CUST-DHKQJK;Cancellation;8;12-04-2026;Phone
CUST-BTXWWD;CUST-UCHEID;CUST-BZTXFB;Billing Issue;7;13-04-2026;Email
CUST-ALXHNO;CUST-QJXXNX;CUST-IFSWZI;Cancellation;9;14-04-2026;Phone
CUST-PZJKAA;CUST-NPNXUR;CUST-FMXNNP;Technical Support;9;15-04-2026;Phone
CUST-WOADAR;CUST-LHHFXX;CUST-LUNPOJ;Billing Issue;8;16-04-2026;Phone
CUST-YVTWJA;CUST-CGMGEH;CUST-QNSDUU;Cancellation;8;17-04-2026;SMS
CUST-SXGUHO;CUST-BVHVQR;CUST-CZAXEG;Upgrade Service;8;18-04-2026;Email
CUST-HIFLKE;CUST-GDWMSG;CUST-WRPNWU;Billing Issue;8;19-04-2026;Phone
CUST-MPYPHA;CUST-JTIFFT;CUST-HJAOCP;Cancellation;7;20-04-2026;Phone
CUST-UNIVRH;CUST-HPPBTX;CUST-SCAIWU;Upgrade Service;8;21-04-2026;SMS
CUST-ELERBH;CUST-OCTWMB;CUST-AANPVZ;Upgrade Service;8;22-04-2026;Phone
CUST-GEPAGK;CUST-WHYQJQ;CUST-MKAWWS;Upgrade Service;8;23-04-2026;SMS
CUST-VJBJUK;CUST-GSWURI;CUST-GSIEYV;Technical Support;7;24-04-2026;Email
CUST-JOGCAD;CUST-RDXCCI;CUST-JOZCOQ;Upgrade Service;8;25-04-2026;Email
CUST-TJBXTV;CUST-PXKUMZ;CUST-XKDSDS;Upgrade Service;9;26-04-2026;Phone
CUST-PWJDLB;CUST-HRPIY0;CUST-QIXPHI;Billing Issue;7;27-04-2026;SMS
CUST-LVUDUQ;CUST-PSHGCM;CUST-UKBPYR;Technical Support;7;28-04-2026;SMS
CUST-UOYJHN;CUST-YYEFZR;CUST-WPCTEX;Technical Support;8;29-04-2026;Phone
CUST-BSWEQC;CUST-QWTKZW;CUST-CZEBZY;Billing Issue;7;30-04-2026;Email
CUST-EDOORG;CUST-MGGOBL;CUST-QDILUD;Technical Support;9;01-05-2026;SMS
CUST-KYMNBT;CUST-AUVAWV;CUST-UVIYEU;Technical Support;8;02-05-2026;Email
CUST-ZVOVFL;CUST-MJUYZV;CUST-KAQNAE;Cancellation;9;03-05-2026;Email
CUST-QFCQCC;CUST-JLSIJN;CUST-PMOQLQ;New Installation;6;04-05-2026;SMS
CUST-FCLXZT;CUST-DWIFBM;CUST-OYBJSK;Billing Issue;8;05-05-2026;Phone
CUST-FLVPOQ;CUST-DHEZEA;CUST-DRCQQI;Upgrade Service;9;06-05-2026;SMS
CUST-ZFAFIV;CUST-VXSLVB;CUST-EYEDZP;Billing Issue;9;07-05-2026;Phone
CUST-KJTAGF;CUST-DMNBQX;CUST-NOEYUV;New Installation;7;08-05-2026;SMS
CUST-AYCSQB;CUST-JSJGDY;CUST-JJTHZB;Cancellation;9;09-05-2026;SMS
CUST-GSZOSD;CUST-JWNZNG;CUST-ONPSQW;Technical Support;8;10-05-2026;Email
CUST-HRWUXC;CUST-LJANYG;CUST-BATYKR;Technical Support;9;11-05-2026;SMS
CUST-WEFKZP;CUST-IRRRJG;CUST-CNIFYU;Cancellation;7;12-05-2026;Email
CUST-XUDEXN;CUST-SJRGJJ;CUST-SHLAOY;Cancellation;7;13-05-2026;SMS
CUST-ECXOQW;CUST-JBXUJU;CUST-HBSFEJ;New Installation;5;14-05-2026;Email
CUST-EHPYDE;CUST-DHOOEP;CUST-LNCIER;Billing Issue;8;15-05-2026;SMS
CUST-KFUUQZ;CUST-PGJYWE;CUST-GZXDWY;Billing Issue;8;16-05-2026;SMS
CUST-MKMPBB;CUST-MRGRGJ;CUST-PMAGPY;Cancellation;7;17-05-2026;SMS
CUST-QPDAKZ;CUST-EWZJVK;CUST-DUQGQK;Upgrade Service;8;18-05-2026;Phone
CUST-FQCHBN;CUST-TAGWHT;CUST-TGVTVO;Billing Issue;8;19-05-2026;Email
CUST-BDVIMU;CUST-OCTWMB;CUST-ABKUNP;Upgrade Service;8;20-05-2026;SMS
CUST-HDGMMR;CUST-PZDYIP;CUST-TGHSWD;Upgrade Service;9;21-05-2026;SMS
CUST-OIOPYB;CUST-QCDXZN;CUST-BGCUXY;Billing Issue;7;22-05-2026;Email
CUST-OWAVSB;CUST-DCSOCL;CUST-PQLDZL;Cancellation;9;23-05-2026;Email
CUST-TATNSN;CUST-IDXVPY;CUST-OLEKGS;New Installation;6;24-05-2026;SMS
CUST-WIKANN;CUST-UDVHKX;CUST-TJZWFQ;New Installation;7;25-05-2026;Phone
CUST-TRIAUQ;CUST-GTAMDH;CUST-ANXOGY;Cancellation;7;26-05-2026;Email
CUST-JJICXP;CUST-HOXTLN;CUST-LCABFJ;Technical Support;9;27-05-2026;SMS
CUST-NLNBJW;CUST-JLSIJN;CUST-PMESJI;New Installation;9;28-05-2026;SMS
CUST-RUXTPR;CUST-RWVLPD;CUST-UFQEIM;Billing Issue;8;29-05-2026;Phone
CUST-DMSTFG;CUST-CAWEZD;CUST-UKINSH;Billing Issue;8;30-05-2026;Email
CUST-MHXTBE;CUST-SJRGJJ;CUST-USQVNM;Billing Issue;9;31-05-2026;SMS
CUST-EQAUJO;CUST-ZRGZTN;CUST-NQLIAP;Cancellation;7;01-06-2026;Email
CUST-EGGUWZ;CUST-TUQHIJ;CUST-WPKVPH;Billing Issue;8;02-06-2026;SMS
CUST-QHGFTX;CUST-PRKQGZ;CUST-MSZQXQ;Cancellation;9;03-06-2026;Phone
CUST-UWYDOB;CUST-ZELJWU;CUST-OFLACD;New Installation;6;04-06-2026;SMS
CUST-LPXYFI;CUST-CUNOVY;CUST-OYCFKJ;Technical Support;8;05-06-2026;SMS
CUST-AGMVYG;CUST-ZWSBLO;CUST-RJZEVS;Technical Support;7;06-06-2026;Phone
CUST-HXMQXC;CUST-UEGKDS;CUST-LBPEIS;Billing Issue;9;07-06-2026;Phone
CUST-OAREYV;CUST-MKPEIH;CUST-BATYKR;New Installation;7;08-06-2026;Phone
CUST-PVOHRV;CUST-PZDYIP;CUST-HWHNLW;New Installation;7;09-06-2026;Email
CUST-ZBUCDO;CUST-QWBXEZ;CUST-PQXCYY;Billing Issue;9;10-06-2026;Email
CUST-PSB0KY;CUST-MJUYZV;CUST-DNTIES;New Installation;8;11-06-2026;Phone
CUST-SDFDDA;CUST-UQWBIQ;CUST-ITXWOY;Cancellation;9;12-06-2026;Phone
CUST-JGICMD;CUST-PQKFIQ;CUST-HMOHYK;Billing Issue;8;13-06-2026;SMS
CUST-IWSK0X;CUST-KEAAKC;CUST-ZE0MJN;Cancellation;7;14-06-2026;Email
CUST-YA0AC0;CUST-KYHJZN;CUST-AEZNSH;Technical Support;9;15-06-2026;Email
CUST-WSYAGH;CUST-OJAJKO;CUST-BJVWBF;Technical Support;9;16-06-2026;SMS
CUST-GXTWRY;CUST-CXRNKY;CUST-HSYYKA;Cancellation;9;17-06-2026;Email
CUST-QOLZHT;CUST-LLNPCC;CUST-MVHLLT;Billing Issue;9;18-06-2026;Phone
CUST-LVNYGT;CUST-ISBGAR;CUST-IYDRRK;Technical Support;7;19-06-2026;Email
CUST-JUWGNN;CUST-DSSKAS;CUST-XEFRZZ;Technical Support;9;20-06-2026;Email
CUST-FKWDPY;CUST-LHHFXX;CUST-JRYHBJ;Upgrade Service;9;21-06-2026;SMS
CUST-SIDWUN;CUST-GDNVQW;CUST-VBPRAU;Technical Support;8;22-06-2026;Phone
CUST-YLOVQG;CUST-TEHYLZ;CUST-HACOFB;Billing Issue;7;23-06-2026;Email
CUST-MFAKZS;CUST-PGBSBX;CUST-XIEUJB;Technical Support;7;24-06-2026;Email
CUST-ICPVNX;CUST-WHGRVS;CUST-TYYAVT;Technical Support;4;25-06-2026;Email
CUST-YNOAAI;CUST-TKZFVN;CUST-KABTOM;Technical Support;7;26-06-2026;SMS
CUST-GXLLFF;CUST-NNCHDN;CUST-XNLVMW;Cancellation;8;27-06-2026;SMS
CUST-DFEQAJ;CUST-PSHGCM;CUST-GPXPZY;New Installation;8;28-06-2026;Phone
CUST-YZEXAT;CUST-BSLHFL;CUST-HADRDS;Cancellation;7;29-06-2026;Email
CUST-BPUKUV;CUST-BJJXIS;CUST-DXJMYU;Technical Support;8;30-06-2026;SMS
CUST-VAETCZ;CUST-GSMMUO;CUST-KZRSSI;New Installation;5;01-07-2026;SMS
CUST-EIHZEF;CUST-VIQSLN;CUST-QPXZTZ;Technical Support;9;02-07-2026;Phone
CUST-TSBVVO;CUST-OHMWPS;CUST-UASMZB;Technical Support;7;03-07-2026;Phone
CUST-YRASLG;CUST-FTWPQY;CUST-XQRALD;Technical Support;8;04-07-2026;Phone
CUST-VHWUFJ;CUST-ATGDAJ;CUST-IUOWOB;Billing Issue;9;05-07-2026;Phone
CUST-PLYOGT;CUST-FUKKFG;CUST-XKEXHJ;Billing Issue;8;06-07-2026;Phone
CUST-SUTRSF;CUST-GLBAGE;CUST-HZZOHB;Upgrade Service;9;07-07-2026;Email
CUST-SRMCGN;CUST-KYHJZN;CUST-VVOHRP;New Installation;7;08-07-2026;Phone
CUST-RJIZBI;CUST-LVKJTS;CUST-GTMEGI;New Installation;8;09-07-2026;Phone
CUST-EBGTUD;CUST-GZKUYR;CUST-VWDIQB;Billing Issue;8;10-07-2026;Phone
CUST-EXXDXV;CUST-SDMHQJ;CUST-ZDQURU;Technical Support;9;11-07-2026;Phone
CUST-EHFKVN;CUST-SMZOXR;CUST-FXNMBM;Technical Support;9;12-07-2026;Phone
CUST-OEDAPJ;CUST-P000QT;CUST-WUHRMD;New Installation;6;13-07-2026;Email
CUST-FMZTWL;CUST-RCZDAC;CUST-NJPEUR;Technical Support;7;14-07-2026;Phone
CUST-VHJZNH;CUST-QCQHAY;CUST-VHAPMA;Upgrade Service;9;15-07-2026;Email
CUST-WRRYFU;CUST-KHSMPZ;CUST-VYRDKK;New Installation;8;16-07-2026;Phone
CUST-LQUNMQ;CUST-VYAAJB;CUST-PGGXCT;New Installation;9;17-07-2026;Email
CUST-GHSYZJ;CUST-CMWKPV;CUST-USDQLM;Cancellation;9;18-07-2026;SMS
CUST-DZUBJ0;CUST-UUTJQI;CUST-DUQGQK;Technical Support;9;19-07-2026;SMS
CUST-WRIMUA;CUST-MWOBDC;CUST-ASBUMF;Upgrade Service;9;20-07-2026;Phone
CUST-WCBBOA;CUST-KDMJDZ;CUST-JDWDCU;Billing Issue;8;21-07-2026;Phone
CUST-KRQCTR;CUST-QCQHAY;CUST-SLXHSN;New Installation;5;22-07-2026;Phone
CUST-VZJQGX;CUST-HSADJP;CUST-UASMZB;New Installation;8;23-07-2026;SMS
CUST-PXAARM;CUST-JHXDLE;CUST-ZXYKVU;New Installation;6;24-07-2026;Email
CUST-IAHMZA;CUST-QDCGMD;CUST-DHKQJK;Cancellation;7;25-07-2026;SMS
CUST-BSJGGX;CUST-KCKQYE;CUST-ITRKNX;New Installation;7;26-07-2026;Email
CUST-VLJQFB;CUST-UGBOKZ;CUST-WDESCX;Billing Issue;8;27-07-2026;Phone
CUST-KQQXFB;CUST-AXIFAK;CUST-QDILUD;Technical Support;8;28-07-2026;Email
CUST-UYXYQN;CUST-XPETTM;CUST-ZPKERW;Technical Support;8;29-07-2026;Email
CUST-OZELWY;CUST-VRZQZI;CUST-ZTUPJS;Upgrade Service;8;30-07-2026;Email
CUST-DLPDXM;CUST-DCEHRQ;CUST-VLFBEE;Billing Issue;8;31-07-2026;Email
CUST-SBXYXN;CUST-TKIFYH;CUST-PWCAZD;Technical Support;9;01-08-2026;SMS
CUST-FHKYIX;CUST-RHAJJC;CUST-QFIVHT;New Installation;7;02-08-2026;Phone
CUST-GROGDS;CUST-HCFJGV;CUST-XKEXHJ;Technical Support;7;03-08-2026;Phone
CUST-QIPIWT;CUST-LUXHPK;CUST-HPUAPU;Technical Support;7;04-08-2026;Phone
CUST-CSLPEB;CUST-QMAIJA;CUST-AJNVFL;Upgrade Service;9;05-08-2026;SMS
CUST-TWLRYD;CUST-QLCHOB;CUST-FDQLNB;Cancellation;9;06-08-2026;Email
CUST-IJLFYE;CUST-OBEDAA;CUST-OZGQUY;New Installation;7;07-08-2026;Email
CUST-SPLVNJ;CUST-OLTCJM;CUST-XNXDTS;Technical Support;9;08-08-2026;Phone
CUST-FIQTUH;CUST-WWMUHA;CUST-LGRPGR;Technical Support;8;09-08-2026;Phone
CUST-FXVGBE;CUST-MHATCF;CUST-RHNCTA;New Installation;7;10-08-2026;SMS
CUST-NKNFEH;CUST-HWATOI;CUST-VVOHRP;Upgrade Service;1;11-08-2026;SMS
CUST-NAPOVQ;CUST-KT0YZQ;CUST-XGDRVW;Billing Issue;7;12-08-2026;Email
CUST-WKRWVD;CUST-PDBGOS;CUST-XFQXFQ;Technical Support;8;13-08-2026;Phone
CUST-TJCKWS;CUST-GCQQPC;CUST-YJGTLP;Technical Support;9;14-08-2026;SMS
CUST-CZHZNA;CUST-CDPKUQ;CUST-NNNXNE;New Installation;2;15-08-2026;Email
CUST-WYDPVK;CUST-PNEWRC;CUST-TQCWOR;Technical Support;7;16-08-2026;Phone
CUST-IHPIZK;CUST-QXPWZY;CUST-TQCWOR;Upgrade Service;9;17-08-2026;Phone
CUST-LCXPGG;CUST-PZGBXB;CUST-MXHIRY;Upgrade Service;8;18-08-2026;Email
CUST-ZUUMYV;CUST-TEHYLZ;CUST-FJNYWS;Technical Support;7;19-08-2026;Email
CUST-VCUFRF;CUST-SNEUBT;CUST-RVCIEQ;Technical Support;9;20-08-2026;Phone
CUST-NAAPCY;CUST-NEIVBH;CUST-OHRQXR;Technical Support;3;21-08-2026;Phone
CUST-JSATCU;CUST-FSQAXB;CUST-XXPLGI;Billing Issue;8;22-08-2026;Email
CUST-MDPEQS;CUST-EEBGRX;CUST-FYUVMN;Cancellation;9;23-08-2026;Email
CUST-NLUSYB;CUST-VJTJVC;CUST-YETOYB;Cancellation;8;24-08-2026;Email
CUST-QUSVCD;CUST-OKIAWP;CUST-FRNFTS;Upgrade Service;8;25-08-2026;Email
CUST-CKP0EF;CUST-JLRSZW;CUST-ZSITKJ;Upgrade Service;8;26-08-2026;SMS
CUST-PCTDWW;CUST-CFVZSV;CUST-PGGXCT;Upgrade Service;8;27-08-2026;Phone
CUST-LQCFCF;CUST-EFWEPI;CUST-MOWZEQ;Cancellation;9;28-08-2026;Phone
CUST-PTPAZH;CUST-QBQDUW;CUST-TKOKXS;New Installation;5;29-08-2026;Email
CUST-FBPKVG;CUST-TIUERI;CUST-LRSIJD;Cancellation;7;30-08-2026;SMS
CUST-JEYEAH;CUST-LSBRRB;CUST-FIUNWG;Upgrade Service;8;31-08-2026;SMS
CUST-GPWDZU;CUST-EPADZG;CUST-DJAWEZ;Technical Support;7;01-09-2026;Phone
CUST-NBJSCD;CUST-AUVAWV;CUST-UNPHGE;New Installation;9;02-09-2026;Phone
CUST-LCWNCM;CUST-AMNZYF;CUST-RUXGEP;Cancellation;9;03-09-2026;Phone
CUST-WDXAUR;CUST-VPVGLU;CUST-DNTGDN;Billing Issue;7;04-09-2026;Email
CUST-HBVNMS;CUST-NSHHOL;CUST-HHXMWQ;New Installation;9;05-09-2026;Phone
CUST-KPMBKV;CUST-VMKQGG;CUST-LUNPOJ;New Installation;5;06-09-2026;SMS
CUST-IJISJV;CUST-CEHZBV;CUST-FXOOWN;Cancellation;4;07-09-2026;SMS
CUST-UTZPMC;CUST-YYEFZR;CUST-RQZSAE;Technical Support;8;08-09-2026;Phone
CUST-SJEJXE;CUST-EUIHOQ;CUST-FYIBGL;Upgrade Service;9;09-09-2026;Phone
CUST-EECSPB;CUST-KIJSVR;CUST-RDMOXG;Cancellation;9;10-09-2026;Email
CUST-KDXEJF;CUST-XLRRUX;CUST-COJDLH;New Installation;8;11-09-2026;SMS
CUST-MJCDZM;CUST-QFWMFF;CUST-DJOLSA;New Installation;8;12-09-2026;SMS
CUST-NPDTQB;CUST-SSCABG;CUST-S0MNPA;Upgrade Service;8;13-09-2026;Phone
CUST-CPYONR;CUST-FESPPP;CUST-LUQODW;Cancellation;8;14-09-2026;Phone
CUST-IGAEYE;CUST-OOEKPO;CUST-DWUBDL;Upgrade Service;8;15-09-2026;SMS
CUST-CWYLNM;CUST-SXEAWW;CUST-WFSPKV;Technical Support;8;16-09-2026;SMS
CUST-KYORPC;CUST-JQNFGV;CUST-UYKHYY;Cancellation;5;17-09-2026;Phone
CUST-UQDCMF;CUST-BRFJGP;CUST-CXUYVQ;New Installation;8;18-09-2026;SMS
CUST-EUCRMA;CUST-AIFNIY;CUST-FRNFTS;Cancellation;9;19-09-2026;Email
CUST-CGQFUI;CUST-WPPPZN;CUST-FUSNVD;Billing Issue;9;20-09-2026;Phone
CUST-ZUQLDM;CUST-GZKARO;CUST-QXXGVA;Upgrade Service;8;21-09-2026;Email
CUST-DFDZDM;CUST-PGJYWE;CUST-GDRNDK;Technical Support;7;22-09-2026;Email
CUST-NYYJEM;CUST-CWKDCJ;CUST-NJPEUR;Technical Support;7;23-09-2026;Phone
CUST-WFAPGG;CUST-IXUGVN;CUST-NVFRMM;Cancellation;9;24-09-2026;SMS
CUST-GPMOTI;CUST-EEBGRX;CUST-MMUURU;Technical Support;9;25-09-2026;SMS
CUST-GJUSGG;CUST-ENQBOG;CUST-VQKEFS;Cancellation;7;26-09-2026;Email